brand,model_year,fuel_type,transmission,owner_type,km_driven,engine_cc,power_bhp,mileage_kmpl,seats,price_lakh
Tata,2018,Petrol,Manual,First,150019.0,2000.0,157.8,14.3,5.0,2.74
Hyundai,2022,Petrol,Automatic,First,54909.0,1200.0,91.9,15.9,5.0,4.29
BMW,2018,Diesel,Manual,First,78818.0,1500.0,110.4,19.9,7.0,7.97
Mahindra,2017,Petrol,Manual,First,72408.0,,102.4,20.6,7.0,3.2
Maruti,2014,Petrol,Manual,Second,61017.0,1000.0,81.0,22.5,5.0,1.14
Mercedes,2010,Petrol,Automatic,Second,165271.0,1500.0,116.0,18.2,5.0,3.86
Tata,2010,Petrol,Automatic,First,186736.0,1000.0,76.0,19.7,7.0,1.05
Tata,2020,Petrol,Automatic,First,12940.0,1800.0,137.7,16.0,5.0,4.85
Maruti,2006,Diesel,Manual,First,97182.0,,93.5,21.8,7.0,0.83
Honda,2006,Petrol,Manual,Second,167837.0,2000.0,135.1,14.9,,1.04
Hyundai,2013,Diesel,Manual,First,72438.0,1200.0,91.3,19.9,5.0,2.06
Audi,2021,Diesel,Manual,Second,55893.0,,87.9,17.8,5.0,8.2
Mahindra,2018,Diesel,Manual,First,91398.0,1800.0,130.3,16.9,5.0,3.95
Tata,2017,Petrol,Automatic,First,92982.0,1500.0,109.9,16.6,7.0,2.87
Honda,2016,Petrol,Automatic,Second,132922.0,1000.0,64.7,23.4,5.0,2.4
Maruti,2007,Petrol,Manual,First,160234.0,2000.0,137.3,14.2,5.0,1.01
Toyota,2011,Petrol,Automatic,First,159075.0,1200.0,96.4,20.0,5.0,2.17
Maruti,2006,Petrol,Automatic,Second,127258.0,1000.0,76.8,25.6,7.0,0.69
Tata,2020,Diesel,Manual,First,64276.0,1200.0,,,5.0,3.77
Toyota,2020,Petrol,Manual,Third+,67798.0,1500.0,107.7,17.8,5.0,3.6
Tata,2010,Petrol,Manual,Second,90149.0,1500.0,116.4,19.7,5.0,1.29
Hyundai,2011,Petrol,Manual,Second,153645.0,2000.0,146.5,12.3,5.0,1.22
Mercedes,2011,Diesel,Manual,First,172006.0,1500.0,118.6,20.9,7.0,3.82
BMW,2023,Diesel,Manual,First,37608.0,1000.0,80.4,23.5,5.0,12.7
Tata,2015,Diesel,Manual,Second,135964.0,1200.0,80.7,21.4,5.0,1.92
Maruti,2021,Diesel,Manual,First,41269.0,1000.0,73.2,15.7,7.0,3.92
Honda,2014,Diesel,Automatic,Third+,183801.0,1800.0,130.6,16.3,5.0,1.86
Maruti,2019,Diesel,Automatic,Second,94740.0,1000.0,65.7,19.5,5.0,2.61
Maruti,2016,Petrol,Manual,First,66277.0,1500.0,102.4,20.6,7.0,1.95
Mahindra,2010,Diesel,Manual,First,95886.0,1500.0,106.3,20.5,5.0,1.79
Tata,2023,Diesel,Manual,Second,19854.0,1800.0,129.5,17.4,7.0,4.84
Mercedes,2019,Petrol,Manual,First,21031.0,800.0,61.0,20.8,5.0,7.32
Hyundai,2021,Diesel,Manual,First,68168.0,1000.0,80.3,24.4,5.0,3.07
Hyundai,2024,Petrol,Manual,Second,40059.0,2000.0,151.2,15.0,5.0,5.1
Honda,2010,Diesel,Manual,First,273825.0,1500.0,115.6,21.9,5.0,1.47
Maruti,2006,Petrol,Automatic,First,117466.0,1200.0,87.3,21.0,5.0,1.0
Maruti,2017,Diesel,Manual,Second,131666.0,1800.0,137.0,17.7,5.0,2.48
Honda,2011,Diesel,Automatic,Second,166278.0,2000.0,147.3,14.7,5.0,2.21
Maruti,2014,Petrol,Manual,First,1944.0,1200.0,86.2,23.0,5.0,1.75
Mahindra,2009,Petrol,Manual,Third+,158006.0,2000.0,159.5,16.6,5.0,1.21
Hyundai,2013,Petrol,Automatic,Third+,115043.0,1000.0,60.1,24.3,5.0,1.31
Tata,2013,Petrol,Manual,First,206811.0,3000.0,211.0,9.6,5.0,1.97
Mahindra,2012,Electric,Manual,First,103264.0,1000.0,76.4,21.7,5.0,2.37
Hyundai,2020,Petrol,Automatic,Second,87222.0,1200.0,87.3,21.6,5.0,2.69
Tata,2017,Petrol,Manual,First,94162.0,1000.0,65.5,,5.0,1.99
Tata,2014,Petrol,Manual,Second,53745.0,2000.0,141.8,17.3,5.0,1.92
Hyundai,2007,Electric,Manual,First,164934.0,3000.0,216.7,9.5,5.0,1.96
Hyundai,2016,Petrol,Manual,First,178933.0,1200.0,94.2,17.2,5.0,1.67
Mahindra,2008,Diesel,Manual,First,192605.0,1200.0,96.2,22.0,7.0,1.14
Maruti,2011,Petrol,Manual,First,219564.0,1200.0,98.7,17.9,5.0,0.98
Maruti,2013,Petrol,Automatic,Third+,197091.0,1000.0,64.5,21.8,7.0,0.77
Maruti,2007,Diesel,Automatic,First,170102.0,1800.0,125.1,16.5,5.0,1.05
Tata,2013,Petrol,Manual,Third+,62314.0,800.0,50.6,20.4,5.0,1.09
Mahindra,2010,Diesel,Manual,First,104305.0,2500.0,192.9,13.0,5.0,2.56
Mahindra,2022,Petrol,Automatic,Second,82056.0,2500.0,187.7,16.3,5.0,6.24
Tata,2023,Diesel,Automatic,Second,34009.0,1000.0,74.6,21.2,5.0,4.69
Honda,2005,Diesel,Manual,First,69378.0,1500.0,112.5,20.0,4.0,1.13
Toyota,2017,Diesel,Manual,First,130419.0,3000.0,221.9,13.5,5.0,4.95
Maruti,2018,Petrol,Automatic,Second,22122.0,2000.0,141.4,17.1,5.0,3.08
Maruti,2012,Diesel,Automatic,Second,96292.0,,136.4,15.6,5.0,2.28
Mahindra,2014,Electric,Automatic,First,129989.0,800.0,58.1,23.4,5.0,2.84
Honda,2021,Petrol,Manual,First,120930.0,800.0,52.1,23.9,5.0,2.8
Toyota,2012,Petrol,Manual,Second,205214.0,1800.0,,19.3,,1.9
Tata,2006,Diesel,Manual,First,176838.0,1200.0,86.3,22.7,,0.71
Toyota,2012,Petrol,Manual,First,151731.0,1500.0,112.5,13.6,5.0,1.91
Toyota,2010,Diesel,Automatic,First,243169.0,1800.0,132.6,15.2,5.0,2.27
Toyota,2013,Diesel,Manual,First,2186600.0,1200.0,94.2,20.4,5.0,1.97
Hyundai,2009,Petrol,Manual,Second,164187.0,1000.0,75.4,19.9,5.0,1.0
Maruti,2008,Diesel,Automatic,First,174293.0,1200.0,83.6,13.8,7.0,1.03
Hyundai,2025,Diesel,Automatic,Third+,13729.0,2000.0,150.1,14.2,5.0,7.23
Maruti,2007,Petrol,Automatic,First,257612.0,1200.0,91.0,,5.0,0.85
Hyundai,2019,Diesel,Automatic,First,103422.0,800.0,62.3,22.1,5.0,2.78
BMW,2020,Petrol,Manual,First,3418.0,2500.0,191.4,10.6,5.0,14.23
Maruti,2017,Petrol,Manual,First,78479.0,1800.0,129.6,16.8,5.0,2.48
Maruti,2024,Diesel,Manual,Second,8781.0,1500.0,115.1,19.2,7.0,3.77
Hyundai,2005,,Automatic,Second,250150.0,2000.0,137.8,14.7,5.0,0.89
Hyundai,2011,Diesel,Automatic,Second,80329.0,1200.0,88.2,23.0,5.0,1.65
Mahindra,2008,Petrol,Manual,First,89016.0,3000.0,220.6,9.4,5.0,2.28
Toyota,2017,Petrol,Manual,First,146002.0,2000.0,156.8,13.9,5.0,3.68
Tata,2018,Petrol,Manual,First,79824.0,1200.0,88.0,18.5,5.0,2.72
Mahindra,2023,Diesel,Manual,Second,44241.0,1200.0,92.5,20.1,5.0,4.5
Hyundai,2012,Diesel,Automatic,First,178241.0,1200.0,78.3,22.5,5.0,1.95
Tata,2009,Diesel,Manual,First,263336.0,1500.0,109.0,17.1,5.0,0.99
Maruti,2024,Electric,Automatic,First,22365.0,1500.0,106.0,19.7,5.0,7.72
Maruti,2019,Diesel,Manual,First,61418.0,1500.0,126.0,18.8,5.0,3.37
Maruti,2021,Diesel,Manual,Second,47005.0,2500.0,181.2,16.0,5.0,4.22
Mahindra,2014,Diesel,Manual,First,187897.0,1200.0,89.3,,5.0,2.24
Honda,2014,CNG,Automatic,Third+,129691.0,1800.0,134.1,15.5,7.0,1.92
Maruti,2013,Diesel,Manual,First,126475.0,1500.0,101.6,20.0,5.0,1.73
Honda,2020,CNG,Manual,First,75853.0,1500.0,108.0,20.0,5.0,3.56
Maruti,2009,Petrol,Manual,First,321313.0,800.0,61.7,22.3,7.0,0.54
Mahindra,2025,Petrol,Automatic,Second,20653.0,1500.0,111.6,16.5,5.0,8.99
Honda,2008,Diesel,Automatic,First,179107.0,1500.0,97.3,19.6,5.0,1.43
Hyundai,2014,Petrol,Automatic,First,228979.0,1000.0,70.7,21.9,5.0,1.18
Hyundai,2011,Petrol,Manual,Second,252660.0,1800.0,139.5,14.0,7.0,1.06
Toyota,2018,Electric,Automatic,First,122807.0,1200.0,92.4,21.0,5.0,5.4
Hyundai,2019,Petrol,Manual,First,65039.0,1200.0,96.2,19.4,5.0,2.64
Maruti,2024,Petrol,Automatic,First,16493.0,2000.0,142.2,12.8,7.0,7.05
Maruti,2021,Petrol,Manual,First,13752.0,1200.0,96.6,19.9,5.0,3.5
Mercedes,2010,Petrol,Manual,Second,241262.0,1500.0,110.8,20.9,5.0,2.82
Audi,2009,Diesel,Automatic,Second,191312.0,1500.0,120.7,20.8,4.0,2.9
Mahindra,2023,CNG,Automatic,Second,12624.0,800.0,59.3,24.7,4.0,3.63
Hyundai,2015,Electric,Manual,Second,185771.0,,76.6,21.0,5.0,2.06
Mercedes,2007,,Manual,Second,184389.0,1000.0,79.2,22.8,5.0,1.88
Tata,2022,Diesel,Automatic,First,32386.0,1000.0,71.4,21.9,5.0,4.29
Mahindra,2018,Petrol,Automatic,First,32603.0,1500.0,108.9,16.6,7.0,5.09
Honda,2005,Diesel,Automatic,First,278779.0,800.0,50.5,,5.0,0.76
Hyundai,2021,Petrol,Manual,Third+,62616.0,2500.0,194.9,11.3,7.0,3.73
Maruti,2017,Petrol,Manual,Third+,88761.0,1200.0,85.8,23.0,5.0,1.38
Audi,2017,Electric,Automatic,Second,75628.0,1200.0,98.3,22.4,5.0,9.43
Honda,2023,Diesel,Automatic,First,75956.0,2000.0,145.6,13.6,5.0,7.44
Maruti,2015,Petrol,Automatic,First,55476.0,1500.0,105.5,18.7,5.0,2.44
Hyundai,2014,Diesel,Automatic,Second,93280.0,1500.0,119.0,17.9,5.0,2.43
Toyota,2017,Petrol,Manual,First,126903.0,1800.0,132.9,16.5,7.0,3.89
Maruti,2009,Petrol,Manual,First,108626.0,2000.0,147.8,14.5,5.0,1.32
BMW,2008,Petrol,Automatic,First,108256.0,1000.0,66.4,24.3,5.0,3.17
Tata,2022,Petrol,Manual,First,68313.0,1000.0,,21.7,5.0,3.03
Mahindra,2009,Diesel,Automatic,Second,233475.0,3000.0,224.8,9.6,5.0,2.44
Hyundai,2015,Petrol,Automatic,Third+,141837.0,800.0,51.5,23.4,5.0,1.14
Toyota,2010,Diesel,Automatic,Second,189348.0,1800.0,130.1,14.9,5.0,2.03
Toyota,2009,Petrol,Manual,First,127663.0,1500.0,108.6,,7.0,1.84
Mahindra,2017,CNG,Automatic,First,91147.0,1500.0,111.5,20.5,5.0,3.36
Maruti,2021,Diesel,Manual,Second,49816.0,1800.0,142.2,19.4,5.0,3.23
Hyundai,2014,CNG,Manual,First,174579.0,3000.0,220.4,7.2,5.0,2.29
Maruti,2007,Petrol,Manual,First,247976.0,800.0,55.1,20.3,7.0,0.62
Honda,2010,Diesel,Manual,Second,107159.0,1500.0,127.6,18.7,7.0,1.22
Hyundai,2008,Diesel,Automatic,First,260198.0,1800.0,130.7,18.7,5.0,1.33
Maruti,2023,,Automatic,First,16178.0,1200.0,87.7,21.1,5.0,4.14
Maruti,2011,Petrol,Manual,Second,138506.0,2000.0,146.0,16.7,5.0,1.28
Toyota,2012,Petrol,Automatic,First,84543.0,1200.0,87.2,18.1,7.0,2.26
Maruti,2006,Petrol,Manual,First,147608.0,1000.0,74.5,20.7,,0.72
Audi,2014,Petrol,Automatic,First,241870.0,2000.0,153.7,,5.0,5.8
Toyota,2024,Petrol,Automatic,Third+,19647.0,2500.0,187.6,12.1,5.0,9.03
Hyundai,2013,Petrol,Manual,First,91866.0,1000.0,80.5,17.9,5.0,1.63
Toyota,2018,Diesel,Manual,First,102035.0,1800.0,139.6,19.1,5.0,4.51
Maruti,2008,Petrol,Manual,First,164016.0,1000.0,75.3,24.5,5.0,0.73
Mercedes,2008,Petrol,Manual,Third+,215301.0,800.0,61.5,23.3,,1.62
Honda,2020,Diesel,Automatic,Second,100644.0,1200.0,95.5,17.8,5.0,4.01
Tata,2006,Petrol,Manual,First,281341.0,2000.0,141.5,16.2,5.0,0.77
Maruti,2014,Petrol,Manual,First,120312.0,1000.0,89.1,25.1,5.0,1.37
Honda,2011,Petrol,Manual,Second,156497.0,1000.0,71.0,22.6,5.0,1.08
Honda,2005,Petrol,Automatic,Second,285760.0,,131.2,18.9,5.0,0.85
Audi,2016,Petrol,Manual,Second,146458.0,1200.0,81.6,19.6,5.0,4.16
Toyota,2025,Petrol,Automatic,Third+,23612.0,1000.0,67.0,,5.0,5.01
Honda,2006,Petrol,Automatic,First,253683.0,1200.0,94.7,20.4,4.0,1.05
Hyundai,2022,Electric,Manual,First,56774.0,1800.0,147.0,13.3,7.0,6.27
Hyundai,2016,CNG,Manual,First,101907.0,1500.0,107.7,22.7,4.0,2.42
Honda,2020,Petrol,Manual,Second,49783.0,1800.0,135.4,17.0,5.0,3.92
Hyundai,2007,Petrol,Manual,First,270260.0,1000.0,75.4,23.3,5.0,0.58
Maruti,2023,Petrol,Automatic,First,27513.0,1200.0,94.9,19.7,5.0,4.42
Tata,2005,Diesel,Automatic,Second,26332.0,1800.0,146.6,14.0,5.0,1.14
BMW,2024,Diesel,Manual,First,16718.0,1200.0,98.0,,5.0,15.07
Maruti,2018,Petrol,Manual,Second,72944.0,1000.0,72.6,19.7,5.0,1.75
Toyota,2012,Petrol,Manual,First,136121.0,1200.0,92.1,21.1,5.0,2.0
Maruti,2005,Petrol,Manual,First,352560.0,1200.0,92.7,21.3,7.0,0.56
Mahindra,2017,Diesel,Automatic,First,223144.0,1000.0,,21.9,5.0,2.28
Hyundai,2006,CNG,Automatic,Second,500.0,2500.0,178.6,11.0,5.0,1.42
Mahindra,2017,Petrol,Automatic,Second,109252.0,1500.0,106.3,18.4,5.0,2.81
Mahindra,2021,Diesel,Manual,First,57100.0,1500.0,118.0,16.9,4.0,6.47
Tata,2010,Petrol,Manual,First,167497.0,1000.0,81.6,23.2,7.0,0.94
Maruti,2010,Diesel,Manual,First,218878.0,1500.0,109.9,19.7,5.0,1.01
Audi,2009,CNG,Automatic,Second,201998.0,1500.0,112.7,18.6,5.0,3.58
Maruti,2009,Petrol,Automatic,Third+,162251.0,2500.0,192.4,11.4,5.0,1.14
Maruti,2007,Petrol,Automatic,Second,205137.0,1200.0,78.7,24.3,5.0,0.63
Toyota,2010,Diesel,Manual,First,221745.0,1800.0,130.7,14.4,5.0,1.69
Hyundai,2018,Petrol,Manual,First,99312.0,1200.0,101.0,17.7,5.0,2.43
Tata,2011,Diesel,Automatic,First,177203.0,1500.0,112.9,18.5,7.0,1.76
Tata,2021,Petrol,Manual,First,40116.0,2500.0,178.4,11.9,5.0,4.66
Hyundai,2022,Diesel,Manual,First,96495.0,1500.0,111.8,20.6,5.0,4.07
Mercedes,2020,Petrol,Manual,First,73283.0,1800.0,139.5,17.9,7.0,11.12
Hyundai,2016,Petrol,Automatic,First,143518.0,2000.0,132.9,15.6,,3.36
Honda,2011,Petrol,Manual,Second,138818.0,2500.0,186.2,13.3,5.0,1.94
Hyundai,2024,Petrol,Automatic,First,17230.0,1000.0,71.8,22.6,5.0,4.56
Audi,2009,Petrol,Manual,Second,200881.0,1000.0,64.2,25.5,7.0,2.0
Maruti,2014,Diesel,Manual,Third+,23184.0,1500.0,111.6,19.1,5.0,1.79
Maruti,2014,Petrol,Manual,First,96672.0,3000.0,221.4,8.0,5.0,3.01
Hyundai,2020,Petrol,Manual,First,42517.0,1500.0,111.0,19.0,5.0,3.13
Mercedes,2016,Petrol,Automatic,Second,83172.0,1200.0,86.8,15.8,7.0,7.2
BMW,2021,Petrol,Automatic,First,24305.0,1500.0,105.0,18.6,5.0,12.54
Tata,2024,Diesel,Automatic,First,28852.0,800.0,50.5,25.0,5.0,3.99
BMW,2013,CNG,Automatic,First,225109.0,1000.0,69.9,22.8,5.0,3.05
BMW,2023,Petrol,Automatic,Second,35450.0,1000.0,79.2,22.3,5.0,12.13
Honda,2008,Diesel,Manual,Second,106462.0,800.0,60.7,24.2,5.0,1.06
Hyundai,2024,Diesel,Automatic,Second,6465.0,1800.0,132.9,18.7,5.0,6.31
Tata,2008,Electric,Manual,Second,164384.0,1200.0,82.7,,5.0,1.16
Mahindra,2022,Petrol,Automatic,First,19369.0,1000.0,71.8,22.6,5.0,4.24
Hyundai,2013,Petrol,Manual,Second,152001.0,,115.5,,7.0,1.55
Maruti,2025,Petrol,Automatic,Second,8816.0,1200.0,91.9,16.3,5.0,4.64
Tata,2007,Diesel,Manual,First,155654.0,1200.0,86.0,22.3,5.0,0.83
Hyundai,2014,Diesel,Manual,Third+,130406.0,1200.0,73.2,21.4,5.0,1.41
Audi,2023,Petrol,Manual,Second,25490.0,800.0,55.2,23.3,5.0,6.78
Hyundai,2005,Petrol,Manual,First,174112.0,1800.0,130.4,15.5,5.0,0.93
Maruti,2010,Diesel,Manual,First,193399.0,1000.0,68.6,,4.0,0.86
Tata,2006,Diesel,Manual,First,169350.0,1000.0,71.6,,5.0,0.81
Maruti,2011,Petrol,Manual,Second,110320.0,1000.0,79.0,21.7,5.0,0.87
Maruti,2013,Diesel,Manual,First,49043.0,1200.0,88.7,20.4,5.0,1.34
Toyota,2017,Petrol,Manual,First,101491.0,1000.0,80.0,,5.0,2.95
BMW,2010,Petrol,Automatic,First,254426.0,1200.0,79.8,18.4,7.0,3.5
Maruti,2008,Diesel,Manual,Second,257284.0,1200.0,87.1,21.5,5.0,0.67
Hyundai,2008,Diesel,Manual,Second,323462.0,800.0,47.6,21.7,7.0,0.59
Tata,2024,Electric,Manual,Second,20520.0,2000.0,145.6,14.3,5.0,7.94
Mercedes,2025,Petrol,Manual,First,17425.0,1200.0,82.6,22.1,4.0,15.47
Honda,2009,Petrol,Manual,First,110199.0,1000.0,81.8,20.0,,1.35
Maruti,2009,Petrol,Manual,Second,241392.0,1500.0,113.6,,5.0,0.83
Maruti,2006,Petrol,Manual,First,364919.0,1000.0,80.2,21.9,7.0,0.45
Maruti,2025,Petrol,Manual,First,11002.0,1800.0,130.8,13.8,5.0,5.83
Maruti,2019,Petrol,Manual,Third+,128818.0,800.0,53.1,,5.0,1.3
Mahindra,2020,Petrol,Manual,First,44416.0,1200.0,82.6,21.1,5.0,3.47
Maruti,2011,Petrol,Manual,First,152873.0,2500.0,186.8,13.1,5.0,1.85
Honda,2018,Petrol,Automatic,Second,49336.0,1000.0,84.9,23.6,5.0,2.94
Mahindra,2006,Diesel,Manual,Second,224851.0,1000.0,76.5,24.4,5.0,0.66
Toyota,2019,Petrol,Automatic,First,87264.0,1500.0,108.9,19.0,7.0,4.46
Maruti,2017,Diesel,Manual,First,91210.0,3000.0,221.1,10.4,5.0,4.0
Tata,2011,CNG,Manual,First,129725.0,1200.0,88.7,21.2,5.0,1.02
Mahindra,2019,Diesel,Manual,First,70668.0,1500.0,,18.0,5.0,3.99
Mahindra,2018,Petrol,Manual,First,103575.0,1000.0,81.5,18.9,5.0,3.51
Maruti,2014,Petrol,Manual,First,125670.0,1500.0,112.7,19.0,5.0,1.61
Maruti,2008,Diesel,Automatic,Second,101383.0,1200.0,89.5,23.0,5.0,1.19
Audi,2005,Diesel,Automatic,First,53143.0,1500.0,112.9,19.7,5.0,3.99
Hyundai,2024,Petrol,Manual,First,16568.0,1000.0,77.0,19.8,5.0,3.74
Hyundai,2010,Petrol,Manual,First,72493.0,1500.0,108.6,20.6,7.0,1.47
Honda,2011,Diesel,Automatic,First,106130.0,1200.0,83.8,19.9,5.0,2.44
Mahindra,2019,Petrol,Manual,First,61310.0,1800.0,,13.0,5.0,4.52
Mercedes,2010,Diesel,Manual,First,158037.0,1800.0,133.5,18.6,7.0,5.89
Hyundai,2012,Petrol,Automatic,Third+,105424.0,2000.0,153.8,13.8,7.0,1.59
Audi,2019,Petrol,Manual,Third+,145025.0,3000.0,232.1,12.5,7.0,9.87
Maruti,2017,Diesel,Manual,Second,43685.0,1200.0,92.0,22.6,,2.13
Toyota,2018,Petrol,Manual,First,130027.0,1500.0,113.3,18.2,5.0,3.37
Toyota,2005,Diesel,Manual,Second,207609.0,800.0,78.5,23.8,5.0,0.76
Maruti,2014,Petrol,Manual,Second,100500.0,,149.4,19.9,5.0,1.76
Maruti,2014,Petrol,Automatic,First,174132.0,,104.6,20.4,5.0,1.81
Hyundai,2018,CNG,Manual,First,76833.0,1200.0,87.2,20.9,5.0,2.47
Mercedes,2008,Petrol,Manual,Second,138289.0,1200.0,98.2,25.7,5.0,2.12
Toyota,2008,Petrol,Manual,Third+,346105.0,1800.0,125.6,17.0,7.0,0.83
Audi,2021,CNG,Automatic,First,6953.0,2000.0,143.6,16.5,5.0,15.33
Tata,2019,Diesel,Manual,First,69719.0,2000.0,154.8,13.8,7.0,4.46
Honda,2022,Diesel,Automatic,First,42849.0,1500.0,109.5,15.6,7.0,6.53
Tata,2010,Petrol,Manual,First,4774076.0,1200.0,88.2,20.0,5.0,0.94
Maruti,2025,Petrol,Manual,Second,12361.0,2500.0,191.6,12.4,7.0,6.12
Maruti,2010,Diesel,Manual,First,365278.0,1500.0,,19.2,5.0,1.01
Tata,2018,Petrol,Manual,Third+,117958.0,1500.0,102.3,,5.0,1.73
Tata,2008,Petrol,Manual,Second,2780.0,1500.0,102.8,19.8,7.0,1.12
Maruti,2024,Diesel,Automatic,First,5766.0,1500.0,114.6,17.1,5.0,6.14
Honda,2011,Petrol,Automatic,Second,184869.0,1800.0,134.9,17.8,5.0,1.76
Toyota,2021,Petrol,Automatic,Second,31416.0,1500.0,107.0,20.3,7.0,4.4
BMW,2011,Petrol,Manual,First,200819.0,2000.0,141.2,14.8,5.0,3.69
Toyota,2021,Petrol,Manual,First,43053.0,2000.0,146.5,13.8,5.0,6.01
Hyundai,2014,Diesel,Manual,Second,68288.0,1200.0,95.6,23.3,5.0,1.95
Hyundai,2006,Diesel,Manual,First,124010.0,1000.0,69.1,23.3,5.0,0.81
Hyundai,2008,Petrol,Automatic,First,263216.0,1500.0,107.1,18.9,5.0,0.99
Mahindra,2019,Petrol,Automatic,First,6951.0,1500.0,104.0,,5.0,5.28
BMW,2009,Diesel,Manual,First,267023.0,1500.0,108.9,18.8,7.0,2.95
Honda,2010,Petrol,Automatic,Second,258810.0,2000.0,150.2,14.4,5.0,1.64
Hyundai,2016,Petrol,Automatic,First,779776.0,1000.0,86.8,19.9,5.0,2.11
Maruti,2010,CNG,Manual,First,72323.0,1200.0,90.2,20.3,5.0,0.97
Tata,2007,Diesel,Automatic,First,252993.0,2000.0,147.8,16.9,5.0,1.5
Tata,2018,Petrol,Manual,Second,66722.0,2500.0,190.4,14.9,5.0,3.75
Maruti,2019,Electric,Manual,First,39272.0,1200.0,93.1,20.5,5.0,3.39
Maruti,2020,Petrol,Manual,Third+,117887.0,,70.6,23.9,5.0,1.77
Toyota,2024,CNG,Manual,Second,15039.0,1200.0,102.7,20.1,5.0,4.95
Maruti,2007,Diesel,Manual,First,72575.0,1200.0,88.7,19.1,5.0,1.05
Tata,2013,Diesel,Automatic,Second,153771.0,1500.0,112.5,16.3,5.0,1.73
Hyundai,2009,CNG,Manual,First,181589.0,1200.0,92.2,19.6,5.0,1.02
Maruti,2023,Diesel,Manual,Second,50573.0,1200.0,91.0,18.2,5.0,3.94
Audi,2016,Petrol,Manual,First,93542.0,1500.0,120.3,22.2,5.0,5.65
Maruti,2007,Petrol,Manual,First,177968.0,1500.0,107.6,19.4,5.0,0.85
Hyundai,2019,Diesel,Automatic,First,90562.0,1500.0,115.8,18.5,7.0,4.45
Maruti,2005,Diesel,Manual,First,240509.0,1200.0,89.9,23.6,5.0,0.58
Maruti,2010,Petrol,Automatic,Second,187037.0,1200.0,94.8,18.2,5.0,0.93
Maruti,2020,Diesel,Automatic,Second,72845.0,1200.0,87.6,,5.0,3.3
Maruti,2015,Diesel,Manual,First,125911.0,2500.0,183.1,16.0,5.0,2.64
Maruti,2020,Petrol,Manual,First,53204.0,1200.0,93.3,,5.0,2.34
Maruti,2016,Petrol,Manual,First,148016.0,1500.0,113.3,23.0,5.0,1.84
Toyota,2022,Petrol,Automatic,First,33797.0,,106.2,20.0,5.0,7.97
Mahindra,2016,Petrol,Automatic,First,2648826.0,2000.0,156.2,17.9,5.0,4.5
Hyundai,2006,Petrol,Manual,First,347619.0,1200.0,93.3,22.9,5.0,0.55
Hyundai,2006,Petrol,Manual,Second,159347.0,,,20.5,7.0,0.63
Honda,2021,Petrol,Automatic,First,112705.0,2000.0,145.3,14.6,5.0,5.19
BMW,2005,Petrol,Manual,Second,152793.0,1000.0,76.3,21.5,5.0,1.95
BMW,2012,Diesel,Automatic,First,106630.0,1500.0,115.1,16.8,7.0,6.46
Maruti,2005,,Automatic,First,286491.0,1200.0,79.3,20.4,5.0,0.73
Maruti,2011,Electric,Manual,First,190484.0,3000.0,224.5,9.2,5.0,2.74
Maruti,2017,CNG,Manual,First,96908.0,1800.0,137.2,19.8,5.0,2.06
Hyundai,2008,Diesel,Manual,First,263647.0,800.0,45.1,24.1,7.0,0.65
Toyota,2014,Electric,Manual,Third+,145555.0,2000.0,149.3,,5.0,2.91
Hyundai,2025,Diesel,Automatic,Second,17622.0,1800.0,137.5,12.9,5.0,6.78
Maruti,2006,Petrol,Automatic,Second,1795424.0,1500.0,114.6,16.4,5.0,0.7
Hyundai,2006,Diesel,Automatic,First,144528.0,1200.0,93.7,19.9,5.0,1.01
Honda,2010,Petrol,Manual,First,131763.0,1000.0,72.1,24.4,5.0,1.28
Maruti,2022,Diesel,Manual,First,45286.0,1500.0,104.9,18.4,5.0,4.22
Tata,2013,Petrol,Automatic,Third+,173456.0,1200.0,78.1,17.9,5.0,1.41
Maruti,2018,Petrol,Manual,Second,90800.0,2000.0,154.7,15.1,,2.61
Audi,2005,Petrol,Manual,First,161485.0,1200.0,93.1,18.3,5.0,1.82
Maruti,2020,CNG,Manual,Third+,98073.0,1500.0,118.1,16.1,5.0,2.13
BMW,2006,Petrol,Manual,First,397129.0,1200.0,84.5,24.1,5.0,1.31
Audi,2019,Petrol,Automatic,First,79164.0,1500.0,115.9,18.0,5.0,7.68
Mercedes,2008,Petrol,Manual,First,350267.0,800.0,50.2,23.3,5.0,1.78
Tata,2023,Petrol,Automatic,First,32718.0,1200.0,83.7,20.3,5.0,5.29
Tata,2011,Diesel,Manual,Third+,308745.0,1000.0,74.8,21.3,5.0,0.74
Mahindra,2008,Diesel,Manual,Second,241455.0,1500.0,115.1,17.1,5.0,1.1
Tata,2012,Petrol,Manual,First,170109.0,1200.0,99.0,19.9,5.0,1.13
Maruti,2005,Petrol,Automatic,First,304431.0,1800.0,131.9,17.4,5.0,0.86
Honda,2008,Petrol,Manual,First,153786.0,1000.0,68.9,24.3,4.0,1.03
Honda,2017,Petrol,Manual,First,116326.0,1500.0,,20.3,4.0,2.86
BMW,2011,Diesel,Manual,First,257250.0,1500.0,107.0,,4.0,3.67
Honda,2012,Diesel,Automatic,First,206366.0,800.0,72.6,,5.0,1.41
Hyundai,2021,Petrol,Automatic,First,54005.0,800.0,63.8,23.9,5.0,2.8
Toyota,2007,Diesel,Manual,First,216876.0,1200.0,95.6,19.4,5.0,1.22
Hyundai,2013,,Automatic,First,185449.0,1500.0,109.7,19.0,5.0,1.73
Maruti,2008,Diesel,Manual,Third+,255551.0,2500.0,185.2,13.4,5.0,0.88
Honda,2015,Diesel,Manual,First,155387.0,1000.0,78.3,21.8,5.0,2.35
Hyundai,2011,Diesel,Manual,First,178318.0,1800.0,,17.6,5.0,1.63
Maruti,2005,Diesel,Automatic,First,156004.0,1800.0,131.6,15.2,7.0,0.84
Hyundai,2006,CNG,Manual,Second,164465.0,1500.0,107.1,22.2,7.0,0.7
Hyundai,2022,Petrol,Manual,First,48328.0,1500.0,108.4,15.2,7.0,3.72
Hyundai,2006,Petrol,Manual,First,293901.0,2500.0,185.5,13.4,7.0,0.94
Hyundai,2021,Petrol,Manual,Second,68309.0,1500.0,106.2,19.3,7.0,2.79
Mahindra,2024,Diesel,Automatic,Second,13487.0,2000.0,149.9,16.7,5.0,9.14
Hyundai,2014,Diesel,Automatic,First,126303.0,1200.0,90.6,19.2,5.0,2.1
Audi,2011,Diesel,Manual,First,88323.0,2000.0,147.1,17.6,,5.12
Audi,2021,Diesel,Manual,Third+,29067.0,,217.3,,5.0,13.28
Honda,2025,Petrol,Manual,First,16636.0,2000.0,,13.4,5.0,7.44
Hyundai,2007,Diesel,Manual,First,324263.0,1200.0,85.9,18.5,7.0,0.73
Honda,2025,Diesel,Manual,First,25660.0,2000.0,148.4,15.7,5.0,8.1
BMW,2024,Petrol,Automatic,First,46923.0,1000.0,80.7,18.9,5.0,12.88
Mahindra,2007,Petrol,Manual,First,191678.0,1500.0,103.6,21.9,5.0,1.19
Tata,2006,Petrol,Automatic,Second,223443.0,1200.0,101.9,22.4,5.0,0.76
Honda,2020,Petrol,Manual,First,29314.0,1500.0,110.7,21.9,5.0,4.59
Toyota,2006,Diesel,Automatic,First,188884.0,1200.0,91.4,23.6,5.0,1.27
Hyundai,2017,CNG,Manual,First,59176.0,800.0,54.7,22.4,5.0,1.82
Mahindra,2006,Diesel,Automatic,Second,94826.0,1200.0,95.7,18.9,5.0,1.61
Maruti,2019,Petrol,Automatic,First,39446.0,800.0,58.5,18.2,4.0,2.42
Mahindra,2009,Diesel,Manual,First,195198.0,1200.0,86.5,19.8,5.0,1.34
BMW,2007,Diesel,Automatic,Second,149038.0,2000.0,144.7,18.7,4.0,3.31
Maruti,2006,Petrol,Manual,First,184910.0,1800.0,131.7,15.3,5.0,0.79
Toyota,2008,Diesel,Manual,First,226285.0,1800.0,135.8,16.4,5.0,1.57
Maruti,2016,Petrol,Manual,First,53582.0,2000.0,149.2,14.5,5.0,2.72
Mahindra,2006,Petrol,Automatic,Second,225708.0,1200.0,88.6,21.2,7.0,0.98
Maruti,2021,Petrol,Automatic,First,68231.0,1500.0,106.8,20.9,5.0,4.02
Audi,2017,Petrol,Manual,Second,135273.0,1500.0,106.5,15.9,5.0,6.05
Maruti,2011,Diesel,Automatic,Second,195820.0,1000.0,71.3,19.3,5.0,0.97
Mercedes,2025,Petrol,Manual,First,12861.0,1500.0,113.9,21.3,5.0,17.64
Tata,2018,Petrol,Manual,First,57283.0,1800.0,137.3,,4.0,3.19
Toyota,2019,Petrol,Manual,Second,75114.0,1500.0,115.9,18.2,7.0,3.68
Tata,2008,Petrol,Manual,First,335250.0,1800.0,133.3,19.8,5.0,0.86
Tata,2019,Petrol,Manual,Second,93016.0,1000.0,76.4,19.3,5.0,1.9
Audi,2016,,Manual,Second,108593.0,1800.0,132.3,18.4,5.0,5.23
Hyundai,2025,Diesel,Manual,First,20643.0,1000.0,63.6,21.6,7.0,5.12
Toyota,2015,Petrol,Manual,Second,120433.0,2000.0,146.9,16.6,7.0,2.97
Maruti,2019,Diesel,Automatic,First,86083.0,1200.0,,16.2,5.0,3.12
Toyota,2012,Petrol,Manual,First,127311.0,1500.0,104.9,18.2,5.0,2.1
Maruti,2005,Diesel,Automatic,First,191218.0,1500.0,107.7,20.0,5.0,0.86
Toyota,2007,Diesel,Manual,First,296092.0,1200.0,89.7,20.4,5.0,1.1
Toyota,2023,Petrol,Manual,Second,9056.0,1200.0,82.1,22.8,5.0,5.02
Honda,2020,Petrol,Manual,Second,1278936.0,1000.0,69.8,23.9,5.0,2.61
Honda,2012,CNG,Automatic,First,122014.0,1500.0,120.4,16.9,5.0,2.2
Tata,2019,Petrol,Manual,First,15732.0,2000.0,138.5,17.0,4.0,4.18
Tata,2005,Diesel,Manual,Second,136754.0,1200.0,87.8,18.7,5.0,0.63
Honda,2005,Petrol,Automatic,Second,231219.0,1500.0,104.1,18.7,5.0,0.88
Toyota,2015,Petrol,Automatic,First,124939.0,2000.0,143.6,16.7,4.0,3.42
Audi,2018,Diesel,Manual,First,115137.0,1200.0,87.7,19.0,7.0,7.16
Maruti,2024,CNG,Manual,Second,26824.0,2000.0,142.2,16.9,5.0,3.24
Maruti,2020,Petrol,Manual,First,29563.0,1200.0,92.3,19.6,5.0,2.9
Maruti,2010,Diesel,Manual,First,208876.0,1200.0,97.0,19.5,7.0,1.11
Mahindra,2022,Diesel,Automatic,First,55572.0,1000.0,79.1,23.0,4.0,5.31
Hyundai,2015,Petrol,Manual,First,146090.0,1000.0,80.2,20.2,5.0,1.39
Tata,2022,,Manual,First,49212.0,1500.0,102.8,,5.0,4.99
Mahindra,2008,Petrol,Manual,First,46502.0,2000.0,146.7,17.4,5.0,2.06
Hyundai,2005,Petrol,Manual,Second,132670.0,1000.0,76.9,21.9,,0.57
BMW,2006,Diesel,Automatic,Third+,346809.0,2000.0,153.4,12.9,7.0,2.14
Tata,2025,Petrol,Manual,First,13216.0,1200.0,99.4,22.0,5.0,4.06
Hyundai,2006,Petrol,Manual,First,415021.0,1200.0,,19.8,5.0,0.56
Hyundai,2024,Diesel,Manual,Second,9841.0,2000.0,153.5,13.0,7.0,5.2
Hyundai,2020,Diesel,Manual,First,117561.0,2000.0,163.9,11.0,5.0,4.37
Maruti,2008,Diesel,Manual,Third+,144461.0,,111.7,20.3,4.0,0.92
Maruti,2023,Diesel,Manual,First,46652.0,1200.0,87.2,19.0,7.0,3.97
Audi,2008,Petrol,Manual,First,175751.0,1000.0,,19.5,5.0,2.0
Hyundai,2008,Diesel,Automatic,First,207159.0,1200.0,83.4,21.7,5.0,1.3
Hyundai,2017,Petrol,Automatic,First,1373568.0,1800.0,133.7,18.2,5.0,3.17
Mahindra,2011,Petrol,Automatic,Second,127742.0,1200.0,78.5,19.1,5.0,1.65
Toyota,2011,Petrol,Manual,First,219133.0,1800.0,130.2,18.4,5.0,1.69
Audi,2009,Diesel,Manual,Second,172180.0,1000.0,73.4,25.4,5.0,2.44
Tata,2017,Diesel,Manual,Second,107370.0,1200.0,94.6,22.9,,2.1
Honda,2005,Petrol,Automatic,Second,500.0,1200.0,95.6,22.6,5.0,0.96
Hyundai,2010,Diesel,Manual,Second,153575.0,1500.0,105.3,19.2,5.0,1.42
Mercedes,2016,Diesel,Manual,First,161922.0,1500.0,123.6,17.8,5.0,8.3
Mahindra,2015,Petrol,Manual,First,163177.0,3000.0,223.1,9.1,5.0,3.85
Mercedes,2019,Diesel,Manual,Second,103049.0,2000.0,149.6,16.3,5.0,11.06
Maruti,2009,Petrol,Automatic,First,189266.0,1800.0,123.6,14.5,5.0,1.53
BMW,2018,Electric,Automatic,First,154807.0,1000.0,70.4,20.4,5.0,8.57
Toyota,2020,Petrol,Manual,First,75025.0,2000.0,154.4,,5.0,4.73
Maruti,2013,Petrol,Automatic,First,103202.0,2000.0,149.2,15.9,5.0,2.1
Toyota,2010,Petrol,Manual,Second,239639.0,2000.0,148.8,15.6,5.0,1.58
Mahindra,2016,Petrol,Manual,First,154647.0,1200.0,90.3,19.3,7.0,2.25
Maruti,2017,Diesel,Manual,Second,123907.0,1000.0,65.4,23.2,7.0,1.53
Honda,2006,Petrol,Automatic,Third+,188348.0,1800.0,132.8,14.9,5.0,0.97
Tata,2016,Petrol,Manual,First,116313.0,1200.0,97.3,19.3,5.0,1.95
Hyundai,2008,Diesel,Manual,Second,312168.0,1200.0,95.4,21.9,5.0,0.79
Honda,2016,CNG,Automatic,First,135491.0,1200.0,88.1,22.2,5.0,2.47
Honda,2024,Diesel,Manual,First,11809.0,1500.0,120.5,17.2,7.0,5.48
Hyundai,2016,Petrol,Manual,First,70500.0,1200.0,,20.9,5.0,2.19
Audi,2020,Petrol,Manual,First,47135.0,1800.0,,15.3,5.0,12.14
Tata,2011,Petrol,Automatic,First,108013.0,1500.0,122.3,18.3,5.0,1.74
Maruti,2024,Diesel,Automatic,First,9427.0,1500.0,114.6,18.9,5.0,6.79
Mercedes,2022,Diesel,Automatic,First,76077.0,800.0,57.5,24.0,5.0,10.5
BMW,2024,Diesel,Manual,First,19987.0,2500.0,184.9,12.9,5.0,22.36
Hyundai,2020,Diesel,Manual,Second,38208.0,1200.0,84.0,21.0,7.0,2.85
Tata,2018,Petrol,Automatic,First,20052.0,1200.0,90.5,18.6,5.0,3.11
Maruti,2016,Diesel,Manual,Second,149029.0,1200.0,90.1,21.2,7.0,1.62
Mercedes,2024,Petrol,Manual,Third+,35003.0,1200.0,89.0,21.5,5.0,10.51
Mahindra,2022,,Automatic,Second,43573.0,1500.0,104.2,19.9,5.0,4.95
Mahindra,2013,Petrol,Manual,First,131136.0,800.0,60.8,21.7,7.0,1.29
Maruti,2006,Petrol,Manual,Second,283041.0,2000.0,145.0,17.1,5.0,0.71
BMW,2005,CNG,Automatic,Second,187057.0,1000.0,68.2,19.4,5.0,1.81
Maruti,2009,Petrol,Automatic,Third+,34352.0,3000.0,229.8,8.5,7.0,1.66
Hyundai,2006,Diesel,Automatic,Third+,102694.0,1500.0,124.1,18.1,5.0,1.07
Maruti,2009,Diesel,Automatic,First,1631416.0,800.0,70.9,20.7,7.0,1.06
Tata,2007,Diesel,Manual,First,218689.0,1500.0,115.0,18.1,5.0,1.02
Maruti,2025,CNG,Automatic,Second,15197.0,1200.0,87.3,20.9,5.0,4.23
Audi,2007,Petrol,Manual,First,335460.0,2500.0,184.8,9.1,5.0,2.57
Mahindra,2018,Petrol,Automatic,First,28365.0,1800.0,135.8,16.0,5.0,5.09
Maruti,2012,Petrol,Manual,Second,185422.0,1500.0,108.6,15.5,5.0,1.41
Maruti,2008,Petrol,Automatic,Second,147430.0,1200.0,96.8,24.2,7.0,0.96
Maruti,2019,Diesel,Manual,First,161420.0,3000.0,210.0,9.6,5.0,4.17
Toyota,2025,Petrol,Automatic,First,26095.0,1500.0,109.3,18.9,5.0,9.44
Tata,2021,Petrol,Manual,First,92006.0,1500.0,115.9,19.0,7.0,2.79
Maruti,2025,Petrol,Manual,First,4297.0,1200.0,83.8,21.6,5.0,4.66
BMW,2017,Petrol,Manual,Second,113434.0,1200.0,87.4,22.3,5.0,5.8
Maruti,2019,Diesel,Manual,Second,68796.0,1800.0,136.9,13.9,5.0,3.05
Tata,2008,Petrol,Automatic,First,150335.0,1500.0,120.2,21.0,5.0,1.26
Audi,2022,Diesel,Manual,First,25029.0,2000.0,140.4,17.7,5.0,13.73
Tata,2020,Diesel,Manual,Second,79283.0,1500.0,102.9,18.5,4.0,3.12
Mahindra,2010,Diesel,Manual,Second,286915.0,1500.0,105.4,18.4,5.0,1.16
Tata,2012,Petrol,Manual,First,129323.0,1200.0,79.7,14.9,5.0,1.52
Maruti,2017,Diesel,Manual,First,63447.0,1800.0,124.5,14.5,7.0,3.4
Maruti,2005,Petrol,Manual,First,90471.0,1200.0,83.1,21.4,5.0,0.88
Maruti,2022,Petrol,Manual,Second,41736.0,2000.0,155.5,17.7,5.0,3.54
Honda,2010,Diesel,Manual,First,269252.0,1200.0,87.0,21.8,5.0,1.12
Tata,2006,Diesel,Manual,First,2723960.0,1800.0,133.5,16.6,7.0,0.77
Toyota,2011,Petrol,Manual,Second,253029.0,2000.0,142.4,19.0,7.0,1.48
BMW,2022,Diesel,Manual,Second,47894.0,1800.0,137.1,18.6,7.0,11.35
Maruti,2010,Petrol,Manual,Third+,180379.0,1200.0,100.1,19.8,5.0,0.69
Mahindra,2016,Diesel,Automatic,First,167544.0,1800.0,128.0,20.7,5.0,4.09
Maruti,2022,Electric,Manual,First,25303.0,1000.0,84.4,19.8,5.0,4.14
Hyundai,2005,Diesel,Manual,Third+,191655.0,800.0,61.4,20.4,5.0,0.52
Mahindra,2020,Diesel,Manual,Third+,114392.0,1800.0,133.4,16.0,5.0,4.22
Mercedes,2011,Diesel,Automatic,Third+,100233.0,2000.0,150.5,,5.0,5.41
Toyota,2019,Diesel,Manual,Second,76216.0,800.0,61.6,,5.0,3.25
Maruti,2008,Diesel,Manual,First,242625.0,2500.0,196.3,13.8,5.0,1.08
Toyota,2007,Diesel,Automatic,First,208025.0,1200.0,92.0,20.4,7.0,1.34
Maruti,2021,Petrol,Automatic,First,89041.0,2000.0,151.4,15.5,5.0,4.49
BMW,2021,Diesel,Manual,Third+,91876.0,1800.0,130.8,16.9,5.0,9.51
Mahindra,2025,Petrol,Automatic,First,14191.0,2000.0,153.2,11.3,5.0,11.14
Maruti,2019,Electric,Manual,Second,123032.0,2000.0,142.4,12.8,5.0,3.46
Maruti,2014,Petrol,Automatic,Third+,82653.0,3000.0,222.9,8.6,5.0,2.21
Maruti,2009,Petrol,Automatic,Third+,177114.0,1500.0,128.4,17.1,5.0,0.89
Mercedes,2011,Diesel,Manual,Third+,325487.0,1000.0,59.0,21.3,5.0,2.04
Honda,2018,Petrol,Manual,First,163221.0,1200.0,90.3,23.0,,2.25
Tata,2012,Petrol,Manual,First,70929.0,1800.0,135.0,16.6,7.0,1.79
Toyota,2015,Diesel,Automatic,Third+,115852.0,1000.0,72.7,19.4,7.0,2.16
Toyota,2008,Petrol,Manual,First,200568.0,2500.0,184.0,10.9,5.0,2.04
Maruti,2014,Petrol,Manual,First,153304.0,1000.0,74.6,24.8,5.0,1.15
Audi,2009,Petrol,Automatic,Third+,290802.0,2000.0,146.6,,5.0,2.88
Hyundai,2007,Petrol,Automatic,Second,363961.0,1500.0,112.4,19.7,5.0,0.83
Toyota,2007,,Manual,First,205306.0,2000.0,145.2,12.7,5.0,1.35
Mahindra,2015,Petrol,Automatic,First,177962.0,2500.0,197.3,12.9,5.0,3.72
Mahindra,2012,Petrol,Manual,First,191581.0,1200.0,87.4,21.2,5.0,1.65
Audi,2007,Petrol,Automatic,Third+,214935.0,1800.0,136.8,,5.0,2.48
Maruti,2015,Petrol,Manual,First,42314.0,1000.0,70.1,20.7,5.0,1.66
Honda,2008,Diesel,Manual,First,274142.0,2000.0,153.7,14.8,4.0,1.25
Hyundai,2005,Diesel,Manual,First,287321.0,2000.0,152.5,14.3,5.0,0.94
Honda,2007,Petrol,Manual,Second,238534.0,1200.0,91.4,18.4,5.0,0.74
Maruti,2014,Petrol,Manual,Second,73209.0,800.0,53.1,25.5,5.0,1.13
Maruti,2025,Diesel,Manual,First,19536.0,1200.0,84.4,22.1,5.0,5.03
Hyundai,2010,Diesel,Automatic,First,191069.0,1000.0,84.2,21.2,5.0,1.37
Hyundai,2010,Petrol,Automatic,First,93412.0,2000.0,143.6,16.1,5.0,2.32
Hyundai,2010,Petrol,Automatic,First,79652.0,1200.0,92.7,21.2,5.0,1.37
Toyota,2012,Petrol,Automatic,First,185650.0,2500.0,179.5,16.6,5.0,3.02
Toyota,2020,Diesel,Automatic,First,81767.0,3000.0,228.3,10.8,7.0,7.41
Hyundai,2011,CNG,Manual,First,136506.0,2000.0,144.0,17.0,7.0,1.82
Hyundai,2018,CNG,Manual,First,97945.0,1500.0,105.3,18.7,5.0,2.59
Maruti,2023,Petrol,Automatic,First,48425.0,1200.0,84.6,19.7,5.0,4.08
Toyota,2024,Petrol,Automatic,First,20341.0,2000.0,144.8,18.0,5.0,9.54
Hyundai,2016,Petrol,Automatic,First,79408.0,1800.0,135.8,17.9,7.0,3.1
Maruti,2019,Petrol,Automatic,Second,105287.0,3000.0,222.6,7.8,5.0,3.71
Hyundai,2024,Petrol,Manual,First,23657.0,1200.0,82.3,21.3,5.0,5.04
Honda,2021,Diesel,Automatic,First,69974.0,800.0,59.1,24.5,5.0,4.19
Maruti,2011,Petrol,Automatic,Third+,105733.0,3000.0,215.4,5.5,5.0,1.89
Toyota,2007,CNG,Automatic,First,1092384.0,2000.0,152.0,13.8,5.0,1.78
Toyota,2007,Petrol,Automatic,Second,203662.0,1000.0,79.0,22.4,5.0,0.94
Mahindra,2023,Petrol,Manual,First,52063.0,1800.0,133.2,13.3,5.0,6.08
Mahindra,2016,Diesel,Automatic,Second,156848.0,800.0,60.9,19.8,5.0,2.33
Mahindra,2011,Diesel,Manual,First,209979.0,1500.0,121.6,18.1,5.0,1.85
Hyundai,2012,Petrol,Automatic,First,128722.0,1200.0,87.9,21.4,7.0,1.5
Tata,2010,Diesel,Manual,Second,123629.0,1200.0,83.2,21.5,5.0,1.23
Toyota,2021,Petrol,Manual,Second,51800.0,1200.0,92.4,23.3,5.0,3.58
Hyundai,2017,Petrol,Manual,First,91839.0,1200.0,82.1,20.6,5.0,2.08
Toyota,2023,Petrol,Manual,Second,51762.0,1200.0,87.6,19.8,5.0,4.75
Hyundai,2011,Petrol,Manual,First,133270.0,1200.0,85.3,18.1,5.0,1.11
Honda,2014,Diesel,Automatic,Second,108249.0,1200.0,84.7,19.8,5.0,2.04
Mahindra,2007,Petrol,Manual,Second,388415.0,1500.0,109.6,19.9,5.0,0.87
BMW,2025,Diesel,Automatic,First,19521.0,1800.0,138.7,18.1,5.0,25.99
Audi,2015,Diesel,Manual,Second,80497.0,1500.0,117.7,19.1,5.0,7.22
Honda,2016,Petrol,Manual,Third+,170982.0,1200.0,94.4,21.5,5.0,1.65
Honda,2013,Petrol,Automatic,Second,82258.0,800.0,61.3,,5.0,1.64
Tata,2010,Petrol,Automatic,First,144725.0,2000.0,146.6,15.6,5.0,1.74
Hyundai,2024,Diesel,Manual,Second,24542.0,2000.0,134.0,18.0,5.0,5.63
Tata,2015,Diesel,Automatic,First,122000.0,3000.0,224.4,7.9,7.0,4.27
Honda,2019,Diesel,Automatic,First,99954.0,2500.0,171.5,,5.0,6.78
Maruti,2005,Petrol,Manual,Second,240506.0,1500.0,99.6,17.8,5.0,0.62
Maruti,2010,Petrol,Automatic,First,223808.0,2000.0,147.2,16.9,5.0,1.29
BMW,2021,Diesel,Automatic,Second,51513.0,1200.0,90.5,18.7,5.0,11.25
Maruti,2006,Petrol,Automatic,Second,256714.0,1800.0,130.6,16.2,5.0,0.73
Hyundai,2007,Diesel,Manual,First,216765.0,2500.0,194.4,9.0,5.0,1.27
Hyundai,2022,Petrol,Manual,Third+,22569.0,1800.0,136.1,17.8,7.0,4.23
Maruti,2011,Petrol,Manual,First,194975.0,1200.0,87.4,22.7,5.0,0.91
Hyundai,2010,Diesel,Automatic,First,190486.0,1200.0,97.2,22.1,7.0,1.73
Tata,2016,Petrol,Automatic,First,69465.0,1200.0,98.3,22.0,5.0,2.63
Maruti,2009,Diesel,Manual,First,154672.0,1200.0,92.0,22.0,7.0,0.98
Tata,2005,Petrol,Manual,Second,191140.0,2000.0,143.5,16.8,4.0,0.81
BMW,2005,CNG,Manual,First,204651.0,1800.0,130.0,17.9,5.0,2.09
Hyundai,2006,Diesel,Manual,Third+,379832.0,1200.0,80.2,21.7,5.0,0.45
Maruti,2008,Diesel,Automatic,Third+,361683.0,1800.0,133.1,15.6,5.0,0.78
Toyota,2019,Diesel,Manual,Second,1889.0,1200.0,82.6,20.1,5.0,3.89
Maruti,2011,Diesel,Manual,First,191191.0,1500.0,109.1,18.8,5.0,1.19
Hyundai,2006,Diesel,Manual,Second,301189.0,1200.0,90.5,19.9,5.0,0.61
Mercedes,2005,Petrol,Manual,First,205352.0,1500.0,99.2,15.8,5.0,2.0
Mercedes,2015,Petrol,Automatic,Second,167933.0,1800.0,125.8,14.5,5.0,5.72
Tata,2022,Diesel,Automatic,First,78848.0,1800.0,130.3,17.2,5.0,5.04
Hyundai,2012,Petrol,Manual,Third+,70204.0,1800.0,133.0,,5.0,1.69
Mahindra,2006,Petrol,Manual,First,239400.0,1200.0,85.9,20.5,5.0,0.9
Mahindra,2009,Diesel,Manual,First,332555.0,,131.7,21.7,4.0,1.44
Hyundai,2015,Petrol,Manual,Third+,63024.0,,84.7,18.8,5.0,1.49
Mahindra,2008,Diesel,Manual,First,187148.0,1200.0,80.2,21.3,5.0,1.32
Maruti,2025,Diesel,Manual,Second,10123.0,1500.0,107.9,20.9,5.0,5.61
Maruti,2021,Petrol,Automatic,Second,84211.0,1800.0,132.1,18.7,5.0,3.84
Honda,2012,CNG,Manual,First,220587.0,2000.0,146.3,16.7,5.0,2.03
Maruti,2024,Petrol,Manual,First,33416.0,1200.0,89.6,22.4,5.0,3.95
Maruti,2011,CNG,Manual,First,166448.0,2000.0,150.7,15.6,7.0,1.43
Tata,2007,Diesel,Automatic,Second,53980.0,1200.0,93.0,23.5,4.0,1.26
Mercedes,2024,Petrol,Manual,Third+,31343.0,1500.0,107.3,20.9,5.0,10.38
Toyota,2025,Petrol,Manual,First,9922.0,2000.0,138.7,14.0,7.0,8.93
Tata,2011,Petrol,Automatic,Second,151928.0,1800.0,141.0,17.3,7.0,1.31
Mercedes,2017,Petrol,Manual,First,128110.0,2000.0,150.5,12.7,5.0,8.24
Maruti,2008,Petrol,Automatic,First,214490.0,2000.0,142.4,18.2,5.0,1.17
Honda,2018,Electric,Manual,Second,120530.0,1200.0,90.6,20.9,5.0,3.28
Hyundai,2019,Petrol,Automatic,Second,99263.0,3000.0,228.6,11.7,7.0,4.3
Maruti,2019,Diesel,Automatic,First,78077.0,2500.0,195.6,12.2,5.0,5.04
Tata,2016,Petrol,Manual,First,135278.0,1200.0,90.4,17.2,5.0,1.75
Hyundai,2019,Electric,Automatic,First,44201.0,800.0,65.6,27.7,5.0,4.67
Honda,2016,Petrol,Manual,First,104280.0,1200.0,81.6,20.7,5.0,2.44
Maruti,2022,Petrol,Automatic,First,66628.0,2000.0,147.9,13.7,5.0,4.59
Maruti,2008,Diesel,Automatic,Second,116103.0,2500.0,183.2,14.4,7.0,1.67
Audi,2015,Petrol,Automatic,First,83109.0,2000.0,150.2,19.2,5.0,8.86
Maruti,2013,Diesel,Automatic,First,100457.0,1200.0,98.6,20.1,5.0,1.93
Maruti,2016,Petrol,Manual,Second,115301.0,800.0,60.8,22.8,5.0,1.13
Hyundai,2007,Diesel,Manual,First,328602.0,1500.0,105.5,19.1,5.0,1.04
Honda,2011,Diesel,Manual,First,199601.0,1200.0,81.3,18.5,5.0,1.55
Toyota,2025,Diesel,Automatic,Third+,8526.0,1000.0,83.9,20.5,5.0,5.4
Honda,2007,Petrol,Automatic,First,263234.0,1000.0,77.2,25.0,5.0,0.91
Maruti,2018,Petrol,Manual,First,65826.0,1000.0,76.8,21.5,5.0,2.01
Hyundai,2018,Petrol,Manual,First,119232.0,1000.0,72.0,20.2,7.0,2.1
BMW,2014,Petrol,Manual,First,117052.0,1800.0,134.9,15.9,5.0,5.14
Toyota,2005,Petrol,Automatic,First,149200.0,1200.0,83.0,22.4,5.0,1.17
Mahindra,2005,CNG,Automatic,First,220037.0,1200.0,91.2,16.9,5.0,0.85
Mahindra,2010,Diesel,Manual,First,140706.0,1500.0,104.1,19.1,5.0,1.74
Tata,2007,Diesel,Manual,Second,230010.0,2500.0,183.0,16.8,5.0,1.18
Maruti,2006,Petrol,Manual,First,137560.0,1800.0,129.5,20.4,7.0,0.87
Hyundai,2008,Petrol,Manual,First,111814.0,1500.0,91.6,19.7,5.0,1.1
Honda,2009,Diesel,Automatic,First,233494.0,1800.0,131.3,19.1,5.0,1.87
Hyundai,2022,Petrol,Manual,Third+,70263.0,1800.0,127.9,19.1,7.0,3.05
BMW,2018,Petrol,Manual,First,114324.0,1800.0,132.1,16.5,7.0,7.66
Honda,2005,Petrol,Manual,Second,172236.0,1500.0,111.1,20.3,7.0,0.71
Tata,2018,Diesel,Manual,First,61988.0,1500.0,121.7,21.8,5.0,2.95
BMW,2007,Electric,Automatic,Third+,152030.0,1200.0,90.7,18.2,5.0,3.19
Honda,2013,Petrol,Manual,First,202205.0,1200.0,90.9,21.5,5.0,1.64
Audi,2005,Petrol,Manual,First,144304.0,1200.0,91.9,21.2,5.0,1.84
Toyota,2006,Petrol,Manual,First,303200.0,1200.0,94.1,20.7,5.0,0.9
BMW,2007,Petrol,Automatic,First,259724.0,1200.0,91.6,20.5,7.0,2.45
Hyundai,2014,Diesel,Automatic,Second,2232626.0,1500.0,112.8,19.0,5.0,1.66
Honda,2014,Petrol,Manual,Second,186342.0,1500.0,115.4,19.2,7.0,1.73
Honda,2012,Diesel,Manual,Second,191722.0,1000.0,59.5,23.8,7.0,1.44
Maruti,2018,Petrol,Manual,First,27385.0,1200.0,101.4,21.4,5.0,1.99
Hyundai,2020,Petrol,Manual,Second,74011.0,1200.0,98.4,20.2,5.0,3.17
Audi,2020,CNG,Manual,First,68552.0,1800.0,134.6,15.2,7.0,8.96
Toyota,2017,Petrol,Automatic,Third+,91061.0,1200.0,80.4,19.6,5.0,2.28
Maruti,2016,Diesel,Automatic,Second,173982.0,800.0,66.5,23.5,5.0,1.53
Hyundai,2015,Petrol,Manual,First,116154.0,1000.0,69.9,20.5,4.0,1.78
Maruti,2009,CNG,Manual,Second,150798.0,1500.0,114.3,20.3,5.0,0.85
Maruti,2015,Petrol,Manual,First,174656.0,,66.4,22.5,5.0,1.39
Audi,2005,Petrol,Manual,First,195772.0,1500.0,124.5,20.7,5.0,2.58
Honda,2025,Diesel,Manual,First,5494.0,1500.0,102.5,17.5,7.0,7.45
Hyundai,2012,Petrol,Manual,Second,81419.0,,185.6,10.9,5.0,2.62
Toyota,2020,Petrol,Automatic,First,42906.0,1500.0,98.4,20.7,5.0,6.32
Maruti,2025,Electric,Manual,First,4968.0,800.0,59.0,23.2,5.0,5.26
Hyundai,2015,Diesel,Automatic,Second,151412.0,1200.0,86.3,20.1,7.0,2.05
Mahindra,2023,Diesel,Manual,First,17970.0,1800.0,140.2,18.0,5.0,7.03
Toyota,2015,Diesel,Manual,Second,25499.0,1200.0,86.3,21.7,5.0,2.83
Mercedes,2007,Diesel,Manual,First,234223.0,2500.0,192.0,10.1,4.0,4.06
Toyota,2005,Diesel,Automatic,First,171868.0,1500.0,105.0,21.1,7.0,1.37
Honda,2007,Diesel,Manual,Second,202110.0,1000.0,72.4,21.0,5.0,0.72
Tata,2024,Petrol,Manual,First,35629.0,1200.0,87.3,23.6,7.0,5.01
Audi,2014,Petrol,Automatic,Second,133395.0,2000.0,151.1,13.1,5.0,6.61
Mahindra,2011,Diesel,Automatic,First,267890.0,,224.4,9.8,7.0,2.42
Mercedes,2014,Diesel,Automatic,Second,124994.0,2000.0,152.5,15.2,5.0,7.69
Tata,2010,Petrol,Manual,First,253753.0,1200.0,90.5,16.9,5.0,1.06
BMW,2023,Petrol,Manual,Second,30390.0,1800.0,137.3,17.9,5.0,13.74
Maruti,2025,Petrol,Automatic,First,6238.0,1000.0,68.7,18.3,5.0,4.48
Mahindra,2006,Diesel,Manual,First,138658.0,1200.0,91.2,20.0,7.0,1.25
Honda,2020,Diesel,Manual,First,51248.0,1800.0,143.0,18.7,5.0,4.92
Toyota,2012,Petrol,Manual,First,135105.0,2500.0,175.1,11.4,7.0,2.86
Mahindra,2005,Diesel,Manual,First,101109.0,1200.0,91.8,18.9,5.0,1.01
Mercedes,2024,Diesel,Automatic,First,27110.0,1500.0,115.2,20.1,7.0,13.03
Mercedes,2006,CNG,Automatic,First,186216.0,1000.0,82.8,21.3,5.0,2.12
Hyundai,2009,Petrol,Manual,Second,201058.0,1200.0,93.2,19.8,7.0,0.88
Mahindra,2005,CNG,Automatic,First,101830.0,800.0,59.9,25.3,4.0,0.87
Tata,2014,Diesel,Manual,First,173631.0,2000.0,150.7,13.4,5.0,2.4
Hyundai,2017,Diesel,Manual,First,164291.0,800.0,54.8,22.2,5.0,1.99
Maruti,2011,Petrol,Manual,First,263918.0,1800.0,131.0,18.3,5.0,1.11
Maruti,2006,Diesel,Automatic,Second,387610.0,1200.0,80.9,18.3,5.0,0.55
Tata,2007,Diesel,Manual,Second,218370.0,1200.0,97.8,23.7,7.0,0.62
Honda,2024,Petrol,Manual,First,14532.0,1200.0,91.6,20.1,7.0,4.47
Mercedes,2021,Petrol,Automatic,Second,58933.0,1200.0,83.4,22.1,5.0,8.95
Honda,2024,Diesel,Manual,First,12622.0,1500.0,112.7,20.2,7.0,7.01
Mercedes,2016,Diesel,Automatic,Third+,35149.0,1500.0,118.1,18.4,5.0,7.35
Hyundai,2016,,Manual,First,150698.0,2500.0,191.1,11.5,5.0,2.65
Tata,2021,Petrol,Manual,First,55969.0,,83.3,20.4,5.0,3.09
Maruti,2017,Petrol,Automatic,First,33267.0,1500.0,92.3,19.9,5.0,2.7
Toyota,2014,CNG,Manual,First,103397.0,2000.0,150.5,13.7,5.0,3.15
Tata,2011,Electric,Manual,Second,162849.0,1200.0,83.6,18.3,5.0,1.54
Audi,2015,Petrol,Manual,First,120074.0,2000.0,151.9,18.2,5.0,7.09
Tata,2006,Petrol,Automatic,First,219329.0,,190.9,11.1,5.0,1.02
Maruti,2009,Petrol,Automatic,First,291625.0,2000.0,,16.1,7.0,1.23
Hyundai,2020,Petrol,Automatic,Third+,33859.0,1500.0,121.6,18.3,4.0,3.03
Maruti,2023,Diesel,Manual,Second,33512.0,1800.0,140.8,16.5,7.0,4.36
Maruti,2007,Diesel,Manual,Third+,130776.0,1500.0,121.6,21.2,7.0,0.89
Mahindra,2007,Petrol,Manual,Second,313477.0,1500.0,119.4,18.5,5.0,0.81
Mahindra,2006,Petrol,Manual,Second,167987.0,3000.0,231.0,8.6,5.0,1.48
Tata,2021,Petrol,Automatic,First,43613.0,1200.0,88.6,20.0,5.0,3.58
BMW,2011,,Manual,First,229681.0,1800.0,125.6,15.8,7.0,4.25
Mahindra,2011,Diesel,Manual,First,263462.0,1500.0,126.0,17.4,5.0,1.38
Tata,2005,Diesel,Manual,First,368128.0,1000.0,74.5,20.9,7.0,0.53
Maruti,2025,Petrol,Manual,Second,1855.0,,118.5,21.6,5.0,4.69
Maruti,2014,CNG,Manual,First,156482.0,1800.0,130.0,18.0,5.0,1.86
Toyota,2021,Petrol,Manual,First,60675.0,1500.0,116.9,18.0,5.0,4.61
BMW,2019,Diesel,Manual,Second,775600.0,2000.0,133.5,17.3,5.0,9.33
Maruti,2007,CNG,Manual,First,212366.0,1200.0,86.4,17.6,5.0,0.63
Honda,2021,Petrol,Manual,First,89627.0,2000.0,147.6,18.0,5.0,4.65
Mahindra,2016,CNG,Automatic,First,159726.0,1500.0,113.9,21.0,5.0,2.65
Maruti,2017,Petrol,Manual,Second,134370.0,2000.0,154.6,19.5,4.0,1.76
Hyundai,2009,Diesel,Manual,First,199498.0,1200.0,82.3,22.3,5.0,0.96
BMW,2022,Petrol,Manual,First,90295.0,1200.0,92.8,21.3,5.0,9.49
Mahindra,2024,Petrol,Manual,First,17584.0,2000.0,155.5,17.8,5.0,7.37
Maruti,2013,Petrol,Automatic,Second,42253.0,800.0,73.3,,5.0,1.35
BMW,2006,Petrol,Manual,First,201233.0,,93.1,19.8,5.0,2.25
Hyundai,2022,Petrol,Automatic,First,41408.0,1800.0,130.6,16.6,5.0,5.18
BMW,2023,Petrol,Automatic,Second,54935.0,1800.0,125.7,19.2,5.0,12.15
Hyundai,2015,Diesel,Manual,Second,83135.0,2000.0,,14.0,5.0,2.58
Toyota,2017,Petrol,Manual,First,1053468.0,1800.0,137.8,15.0,5.0,3.6
Hyundai,2009,Petrol,Manual,First,79791.0,2500.0,185.1,12.8,5.0,1.67
Hyundai,2006,Electric,Manual,First,317353.0,1500.0,101.4,19.9,5.0,1.14
BMW,2024,CNG,Manual,Second,25606.0,1500.0,105.5,17.4,5.0,12.35
Maruti,2015,Petrol,Manual,First,102603.0,2000.0,151.9,16.7,7.0,2.23
Maruti,2010,Petrol,Manual,Third+,331218.0,1800.0,135.5,19.2,5.0,0.74
Hyundai,2019,Diesel,Manual,Second,110721.0,1000.0,62.4,23.9,7.0,2.48
Mahindra,2005,Diesel,Automatic,First,133952.0,1200.0,92.7,21.1,5.0,1.16
Tata,2006,Petrol,Automatic,First,220351.0,1500.0,101.7,18.5,5.0,0.87
Mercedes,2010,Diesel,Automatic,Second,379538.0,1800.0,141.5,19.9,5.0,3.35
Hyundai,2014,Petrol,Manual,Second,242816.0,1500.0,112.4,18.7,5.0,1.21
Hyundai,2012,Petrol,Manual,Second,216170.0,1800.0,130.6,18.4,5.0,1.31
Maruti,2008,Diesel,Automatic,First,43843.0,2000.0,154.1,,5.0,1.77
Toyota,2012,Diesel,Automatic,Second,235569.0,1200.0,91.0,22.0,7.0,1.82
Mercedes,2012,Diesel,Manual,Second,106320.0,1500.0,119.1,16.8,5.0,4.58
Mahindra,2016,Petrol,Manual,Third+,163210.0,1500.0,111.6,16.4,5.0,2.32
Toyota,2016,Petrol,Manual,First,73047.0,1000.0,74.9,21.2,5.0,2.82
Hyundai,2023,Petrol,Automatic,First,39454.0,1500.0,109.4,19.9,5.0,5.3
Audi,2021,Petrol,Manual,First,34469.0,1500.0,112.7,19.4,5.0,10.51
Honda,2011,Petrol,Manual,Second,140283.0,2000.0,,19.5,7.0,1.9
Maruti,2023,Diesel,Manual,Third+,40630.0,1200.0,,21.3,5.0,2.89
Hyundai,2015,Diesel,Manual,First,50043.0,1000.0,78.0,21.2,5.0,1.84
Maruti,2008,Diesel,Manual,First,397794.0,1500.0,105.8,16.6,,0.75
Maruti,2012,Petrol,Automatic,First,82662.0,2000.0,135.7,17.6,5.0,2.16
Maruti,2020,Petrol,Manual,First,42342.0,1500.0,112.4,18.6,5.0,3.31
Honda,2022,Diesel,Manual,Second,43981.0,1200.0,91.1,17.8,5.0,4.5
Toyota,2012,Petrol,Manual,First,234681.0,2500.0,184.5,,5.0,2.19
Hyundai,2008,Diesel,Automatic,First,165792.0,1000.0,65.1,20.0,4.0,0.96
Hyundai,2009,Petrol,Manual,Third+,101760.0,1200.0,90.7,19.7,5.0,0.79
Mercedes,2007,Diesel,Manual,First,139187.0,1200.0,90.5,20.5,5.0,3.14
Tata,2019,CNG,Manual,First,42820.0,1800.0,128.0,15.1,5.0,3.08
Toyota,2015,Diesel,Automatic,First,130732.0,2000.0,140.0,14.6,7.0,3.44
Hyundai,2014,Diesel,Automatic,First,130659.0,800.0,57.7,21.7,5.0,1.74
BMW,2019,Diesel,Automatic,First,88635.0,1800.0,137.3,15.5,5.0,11.57
Maruti,2022,Petrol,Manual,Second,51321.0,1800.0,135.8,14.9,7.0,3.01
Hyundai,2021,Diesel,Automatic,First,68975.0,2000.0,142.9,14.6,5.0,5.7
Audi,2007,CNG,Automatic,First,169624.0,2000.0,149.0,13.9,7.0,3.25
Honda,2017,Electric,Manual,First,65164.0,1800.0,138.7,17.8,5.0,5.71
Tata,2023,Petrol,Manual,First,39102.0,1000.0,67.0,22.1,5.0,3.66
Toyota,2021,Petrol,Manual,First,52629.0,1200.0,89.3,22.7,5.0,4.75
Mahindra,2011,Diesel,Manual,First,176833.0,2500.0,193.2,15.8,5.0,2.45
Hyundai,2013,Diesel,Manual,First,102174.0,1500.0,103.5,19.8,7.0,1.86
Hyundai,2023,Petrol,Manual,Second,42067.0,1500.0,118.0,19.4,,3.79
Hyundai,2005,Petrol,Automatic,First,122512.0,,157.9,16.8,5.0,1.33
Maruti,2016,Petrol,Manual,Second,87774.0,2000.0,146.8,16.3,7.0,2.32
BMW,2007,Petrol,Manual,First,305145.0,1800.0,131.3,16.8,5.0,2.06
Hyundai,2023,Petrol,Manual,First,19836.0,2000.0,154.3,15.4,5.0,4.83
Toyota,2005,Petrol,Manual,First,325201.0,1000.0,73.0,19.9,5.0,0.61
Tata,2005,Petrol,Manual,First,102271.0,1800.0,,18.3,5.0,1.1
Tata,2011,CNG,Manual,First,58079.0,2500.0,184.6,12.3,4.0,1.68
Hyundai,2009,Petrol,Manual,Second,67214.0,800.0,62.1,25.6,7.0,0.89
Honda,2015,Petrol,Automatic,First,121240.0,1000.0,78.5,23.4,5.0,2.29
Mercedes,2011,Petrol,Manual,First,213751.0,1800.0,128.0,15.6,7.0,4.21
Mahindra,2012,Petrol,Automatic,Second,232682.0,1500.0,109.5,20.9,5.0,1.64
Tata,2016,Electric,Automatic,First,168352.0,1000.0,79.9,,5.0,3.16
Audi,2016,CNG,Manual,First,147388.0,1200.0,88.5,24.0,5.0,4.86
Tata,2024,Petrol,Manual,First,16029.0,1200.0,79.7,18.1,5.0,3.92
Maruti,2015,Petrol,Manual,First,75152.0,1200.0,96.3,21.4,5.0,1.53
Toyota,2016,Petrol,Automatic,Second,145336.0,2000.0,146.9,16.3,4.0,2.96
Maruti,2019,Petrol,Manual,First,128349.0,1500.0,,20.6,7.0,2.86
Mahindra,2008,Petrol,Manual,First,113737.0,1800.0,125.0,16.2,4.0,1.8
Mercedes,2019,Petrol,Automatic,Second,1839936.0,800.0,58.5,19.1,5.0,7.06
Honda,2023,Petrol,Manual,First,2756.0,1200.0,91.9,19.9,5.0,4.81
Hyundai,2011,Diesel,Automatic,First,191226.0,1200.0,88.4,20.1,5.0,1.31
Maruti,2008,Petrol,Manual,First,196638.0,2000.0,141.1,11.8,5.0,0.94
Mercedes,2012,,Automatic,First,134318.0,2500.0,170.9,12.5,5.0,6.53
Maruti,2010,Petrol,Manual,First,178002.0,1200.0,98.0,18.6,7.0,0.96
Maruti,2017,Petrol,Manual,First,55855.0,3000.0,223.7,10.4,5.0,4.02
Hyundai,2023,Petrol,Automatic,First,36970.0,800.0,66.3,22.6,7.0,4.37
Maruti,2017,Petrol,Manual,Second,102771.0,,94.5,24.0,5.0,1.65
Honda,2007,Petrol,Automatic,Second,281067.0,1800.0,136.9,16.3,7.0,0.85
Honda,2011,Petrol,Automatic,Second,270127.0,1200.0,87.0,21.3,7.0,1.08
Hyundai,2019,Diesel,Manual,First,82450.0,2500.0,188.1,12.0,5.0,5.05
Maruti,2011,CNG,Manual,Third+,110392.0,1000.0,82.7,18.8,7.0,0.78
Maruti,2017,Petrol,Automatic,First,54610.0,1800.0,133.8,16.4,4.0,3.01
Hyundai,2019,,Manual,Second,125622.0,1000.0,85.5,23.1,5.0,1.91
Maruti,2011,Diesel,Automatic,Second,272451.0,1000.0,65.1,22.8,5.0,0.89
Mahindra,2018,Diesel,Manual,First,116945.0,1200.0,79.2,20.0,5.0,2.89
Maruti,2013,Petrol,Automatic,First,150072.0,2500.0,191.1,,5.0,2.83
Hyundai,2007,Petrol,Manual,Second,267143.0,1500.0,106.2,19.8,5.0,0.86
Hyundai,2012,Petrol,Automatic,Second,234733.0,1500.0,123.4,19.4,5.0,1.26
Hyundai,2014,Diesel,Manual,First,99125.0,800.0,,24.5,7.0,1.28
Maruti,2005,Petrol,Manual,Second,240563.0,800.0,68.8,22.5,5.0,0.41
Maruti,2023,Petrol,Automatic,First,18500.0,800.0,64.6,20.0,5.0,3.47
BMW,2016,Petrol,Automatic,First,105134.0,2000.0,142.6,16.5,5.0,9.32
Maruti,2005,Petrol,Manual,First,378811.0,1200.0,78.9,20.5,5.0,0.51
Honda,2023,Petrol,Automatic,Second,53826.0,1200.0,97.9,23.0,7.0,4.17
Honda,2022,Diesel,Manual,First,44521.0,1500.0,102.1,18.7,5.0,6.05
Hyundai,2005,Diesel,Manual,First,500.0,1500.0,120.6,18.5,4.0,1.13
Hyundai,2008,Petrol,Manual,First,136908.0,1200.0,92.9,21.3,7.0,1.03
Tata,2012,Petrol,Manual,First,163773.0,800.0,58.8,21.9,4.0,1.01
BMW,2015,Diesel,Manual,First,111428.0,1200.0,91.5,19.3,5.0,6.26
Hyundai,2020,Petrol,Manual,First,65603.0,1800.0,136.1,16.6,5.0,2.95
Hyundai,2013,Petrol,Manual,Second,154261.0,1200.0,87.7,18.8,5.0,1.36
Hyundai,2017,Petrol,Automatic,First,78290.0,1800.0,141.9,16.3,7.0,3.08
Honda,2005,Diesel,Automatic,First,231337.0,800.0,67.6,26.5,5.0,0.79
Mahindra,2018,Diesel,Automatic,First,85019.0,2000.0,149.1,17.4,5.0,6.06
Maruti,2024,Diesel,Manual,First,10128.0,2500.0,,12.9,5.0,6.36
Hyundai,2016,Diesel,Automatic,First,184264.0,800.0,67.1,25.8,4.0,1.7
Audi,2014,Petrol,Manual,First,101704.0,1200.0,76.8,19.0,5.0,4.41
Maruti,2011,Petrol,Automatic,First,6085.0,1200.0,91.6,25.0,5.0,1.55
Honda,2025,Petrol,Manual,First,12010.0,2000.0,152.6,14.7,5.0,6.8
Mahindra,2005,Diesel,Manual,First,158876.0,1500.0,106.1,22.2,5.0,1.16
Maruti,2011,Diesel,Manual,Second,214409.0,1500.0,117.0,22.2,5.0,1.13
Maruti,2007,Petrol,Automatic,First,153133.0,,73.9,18.6,5.0,0.87
Maruti,2023,CNG,Automatic,First,45220.0,800.0,56.0,25.6,5.0,2.96
Audi,2015,Petrol,Automatic,First,123554.0,1800.0,139.1,16.2,7.0,6.47
Maruti,2024,Petrol,Automatic,First,32389.0,1500.0,104.6,17.6,4.0,5.24
Maruti,2018,Petrol,Automatic,First,86906.0,2000.0,153.4,16.4,7.0,3.35
Maruti,2016,Diesel,Manual,Second,89428.0,2000.0,136.3,13.7,5.0,2.35
Maruti,2015,CNG,Automatic,First,132211.0,1500.0,112.8,,5.0,1.87
Toyota,2009,Petrol,Manual,First,159977.0,1500.0,111.4,16.9,5.0,1.6
Hyundai,2016,CNG,Manual,First,29566.0,2000.0,,15.8,5.0,2.57
Toyota,2019,Diesel,Manual,First,53743.0,2000.0,150.5,17.9,5.0,5.52
Toyota,2025,,Automatic,Third+,22685.0,2000.0,147.7,16.2,7.0,8.5
BMW,2016,Diesel,Automatic,First,24909.0,3000.0,228.6,8.6,7.0,13.81
Maruti,2024,Petrol,Manual,First,26474.0,1200.0,92.2,,5.0,4.51
BMW,2024,Diesel,Manual,First,10323.0,1800.0,136.0,14.2,5.0,15.7
Toyota,2015,Diesel,Manual,First,219086.0,1800.0,135.1,15.2,5.0,2.29
Maruti,2014,Diesel,Automatic,First,74673.0,1000.0,71.2,21.0,5.0,1.79
Tata,2007,Petrol,Automatic,First,220611.0,1500.0,109.3,20.0,5.0,0.93
BMW,2010,Diesel,Manual,First,213590.0,1200.0,90.4,21.2,4.0,2.36
Hyundai,2023,CNG,Manual,First,25379.0,1200.0,87.8,21.5,5.0,4.64
Audi,2007,Petrol,Manual,First,150827.0,1000.0,80.7,21.7,,2.24
Honda,2013,Electric,Manual,First,140814.0,1800.0,133.9,15.3,5.0,3.27
Toyota,2019,Petrol,Manual,First,58631.0,1800.0,135.6,19.4,5.0,4.55
Mercedes,2010,Petrol,Manual,Second,154622.0,1500.0,102.7,17.4,4.0,3.46
Hyundai,2025,Petrol,Manual,First,18584.0,1000.0,79.7,22.5,5.0,4.26
Tata,2018,Diesel,Manual,Third+,105164.0,1500.0,107.6,18.4,5.0,2.47
Hyundai,2005,Diesel,Automatic,Third+,282390.0,1000.0,67.8,22.8,7.0,0.55
Tata,2010,Petrol,Manual,First,205459.0,1200.0,98.8,19.4,5.0,1.03
Toyota,2020,Diesel,Manual,First,88407.0,1200.0,93.1,22.4,5.0,4.38
Maruti,2023,Petrol,Automatic,Second,53308.0,2000.0,154.0,18.0,4.0,5.63
Hyundai,2024,Petrol,Automatic,First,20095.0,1200.0,91.6,22.3,5.0,5.4
Hyundai,2022,Diesel,Manual,First,58085.0,1500.0,110.6,18.9,5.0,4.09
Maruti,2006,Diesel,Manual,First,101448.0,2000.0,146.5,14.7,5.0,1.19
Maruti,2020,Diesel,Automatic,First,3450.0,1200.0,93.6,25.6,5.0,4.1
Hyundai,2007,Diesel,Manual,Second,365319.0,2000.0,154.9,13.7,7.0,0.8
Maruti,2006,Electric,Automatic,Second,188534.0,1000.0,73.7,23.3,5.0,0.92
Maruti,2019,Petrol,Manual,Second,88618.0,1200.0,101.3,21.1,5.0,1.88
Mahindra,2015,Petrol,Manual,Second,57672.0,1000.0,72.9,21.6,5.0,1.99
Mahindra,2018,Petrol,Manual,First,50073.0,1500.0,102.7,19.0,5.0,3.23
Mahindra,2022,Diesel,Automatic,First,28264.0,2500.0,174.9,11.5,5.0,9.04
Hyundai,2006,Diesel,Manual,Third+,282461.0,1500.0,101.0,19.4,5.0,0.59
BMW,2016,Diesel,Manual,Third+,824148.0,1500.0,108.6,19.2,5.0,6.07
Toyota,2022,Petrol,Manual,Second,38785.0,1200.0,87.5,25.3,5.0,5.12
Maruti,2014,Petrol,Automatic,Second,92180.0,2500.0,189.3,14.3,5.0,2.15
Maruti,2015,Diesel,Manual,First,175062.0,1200.0,88.7,21.4,7.0,1.66
Mahindra,2015,Electric,Automatic,First,161407.0,1200.0,93.9,21.5,5.0,3.49
Maruti,2024,Petrol,Automatic,Second,18742.0,3000.0,222.5,12.6,5.0,7.31
Honda,2006,,Manual,First,281345.0,1200.0,89.0,18.8,5.0,0.76
Mercedes,2023,Petrol,Automatic,First,35605.0,1200.0,85.4,20.2,5.0,13.74
Maruti,2022,Petrol,Automatic,First,35651.0,800.0,67.8,19.6,5.0,3.18
Maruti,2022,Petrol,Manual,First,41135.0,1000.0,64.9,22.8,5.0,2.93
Mercedes,2013,Petrol,Manual,First,172306.0,2000.0,150.0,17.0,5.0,6.51
Toyota,2015,Diesel,Manual,First,80054.0,1500.0,110.0,16.8,5.0,3.01
Maruti,2012,Petrol,Manual,First,188417.0,2500.0,189.9,15.0,5.0,1.73
BMW,2010,Petrol,Manual,First,360729.0,1000.0,73.9,20.5,4.0,2.16
BMW,2023,Petrol,Automatic,First,40639.0,1500.0,111.2,18.0,5.0,15.63
Honda,2015,CNG,Automatic,First,126713.0,1800.0,131.7,17.0,5.0,2.78
Toyota,2020,Petrol,Manual,Second,67883.0,1500.0,119.5,21.5,5.0,4.58
Hyundai,2007,Petrol,Manual,First,252937.0,1500.0,111.1,17.1,5.0,0.68
Maruti,2021,Petrol,Manual,First,22586.0,1500.0,122.9,19.1,5.0,3.17
Toyota,2018,Diesel,Manual,First,140029.0,1800.0,135.0,18.1,5.0,4.54
Hyundai,2025,Diesel,Manual,First,9916.0,2000.0,148.3,16.5,7.0,6.76
Mahindra,2007,Petrol,Automatic,Second,147578.0,1200.0,88.0,21.6,5.0,1.03
Tata,2016,Petrol,Automatic,First,117770.0,1200.0,92.3,21.9,7.0,2.21
Maruti,2015,Petrol,Manual,First,89496.0,1500.0,,17.6,5.0,1.77
Toyota,2016,Diesel,Automatic,Second,120351.0,,89.8,23.5,5.0,3.27
Maruti,2006,CNG,Manual,First,225555.0,1000.0,74.1,21.5,5.0,0.6
BMW,2014,Petrol,Automatic,Second,138128.0,2500.0,187.1,11.9,7.0,7.04
Hyundai,2011,Petrol,Manual,Third+,97491.0,1000.0,76.2,24.2,5.0,1.01
Toyota,2017,Diesel,Manual,First,68846.0,1200.0,91.3,19.4,7.0,3.03
Toyota,2009,Diesel,Manual,Third+,268786.0,1500.0,111.7,,5.0,1.12
Hyundai,2014,Petrol,Manual,First,104169.0,800.0,68.7,21.7,5.0,1.55
Mahindra,2018,Petrol,Manual,First,500.0,800.0,61.8,27.5,5.0,3.07
Mahindra,2006,Petrol,Manual,First,212939.0,,74.9,27.2,5.0,0.84
Toyota,2021,Diesel,Automatic,First,109490.0,1000.0,74.4,21.6,7.0,4.62
Tata,2020,Diesel,Automatic,First,94580.0,1200.0,94.6,21.4,7.0,4.14
Mercedes,2006,Diesel,Manual,First,169216.0,2000.0,143.8,,5.0,3.3
Hyundai,2006,Diesel,Manual,First,215386.0,1200.0,97.3,19.9,5.0,0.86
Honda,2022,Petrol,Automatic,First,51255.0,1200.0,84.7,20.7,5.0,5.6
Maruti,2010,Petrol,Manual,First,54196.0,1500.0,113.8,18.6,5.0,1.22
Tata,2023,Petrol,Manual,First,23649.0,1200.0,87.3,17.8,5.0,3.41
Honda,2015,Diesel,Automatic,First,151141.0,1200.0,91.6,21.0,7.0,3.13
Hyundai,2012,Diesel,Manual,First,258595.0,1200.0,87.5,20.4,5.0,1.32
Maruti,2010,Petrol,Automatic,Second,142382.0,1200.0,84.2,21.1,7.0,1.05
BMW,2018,Petrol,Manual,First,145860.0,1200.0,87.3,20.4,7.0,6.13
Hyundai,2007,Diesel,Manual,Second,146616.0,800.0,68.5,22.4,5.0,0.56
Mahindra,2013,Diesel,Manual,First,500.0,2000.0,151.0,17.1,5.0,3.45
Maruti,2012,Diesel,Manual,First,207469.0,3000.0,214.5,10.2,5.0,1.92
Mercedes,2008,Petrol,Manual,Third+,240962.0,2000.0,154.7,18.0,5.0,2.5
Maruti,2012,CNG,Automatic,First,194302.0,800.0,53.9,23.9,5.0,1.0
Maruti,2016,Diesel,Automatic,First,132101.0,1800.0,137.8,16.4,5.0,2.03
BMW,2019,Diesel,Automatic,First,77342.0,1500.0,114.4,19.7,5.0,11.83
Audi,2006,Diesel,Manual,First,193748.0,1000.0,77.8,18.2,7.0,2.08
Maruti,2023,CNG,Manual,First,37542.0,2500.0,196.3,16.2,5.0,5.32
Honda,2023,CNG,Automatic,First,34382.0,1800.0,128.4,17.2,5.0,6.39
Mahindra,2019,Diesel,Automatic,First,69188.0,1000.0,77.7,25.7,7.0,4.1
BMW,2024,Petrol,Manual,Third+,11853.0,2500.0,192.7,10.8,5.0,14.77
Hyundai,2013,Petrol,Automatic,First,68426.0,1000.0,70.2,19.7,5.0,1.8
Honda,2022,Diesel,Manual,First,33482.0,1200.0,84.4,21.2,5.0,5.02
Tata,2020,Diesel,Manual,Second,500.0,1000.0,72.4,22.4,5.0,3.03
Mahindra,2016,Petrol,Automatic,First,9473.0,1000.0,76.0,22.4,5.0,3.72
Tata,2008,Petrol,Manual,Second,165353.0,2500.0,176.7,12.7,5.0,1.13
Toyota,2016,CNG,Manual,First,101695.0,1500.0,114.4,17.5,5.0,2.81
Maruti,2023,CNG,Manual,First,29603.0,1200.0,80.4,17.8,5.0,4.12
Audi,2025,CNG,Automatic,Third+,968.0,1800.0,141.1,17.3,4.0,14.28
BMW,2014,Petrol,Manual,First,212381.0,2000.0,151.2,13.2,5.0,5.82
Tata,2010,Diesel,Automatic,Second,75436.0,2000.0,159.6,13.0,7.0,1.96
Maruti,2020,Diesel,Manual,First,40557.0,2500.0,189.2,11.7,5.0,4.58
Maruti,2006,Petrol,Manual,Second,106491.0,2000.0,146.3,16.3,5.0,0.99
Tata,2008,Petrol,Manual,First,297672.0,1500.0,106.3,22.2,5.0,0.9
Maruti,2016,Electric,Manual,First,134407.0,1200.0,90.3,22.3,5.0,2.14
Mercedes,2025,Petrol,Manual,First,8975.0,2500.0,185.0,15.0,7.0,22.77
Hyundai,2011,Diesel,Manual,Third+,131697.0,1000.0,81.2,22.9,7.0,0.87
Mahindra,2014,Diesel,Manual,First,135617.0,1000.0,68.5,22.4,5.0,2.32
BMW,2011,Diesel,Manual,First,81730.0,1200.0,101.0,25.0,5.0,5.06
Hyundai,2014,Petrol,Automatic,Second,155422.0,1200.0,96.5,,5.0,1.96
Hyundai,2005,Diesel,Automatic,First,168934.0,1500.0,109.9,17.9,5.0,1.1
Toyota,2017,Petrol,Manual,First,125886.0,2000.0,158.9,,4.0,3.6
Toyota,2017,Diesel,Manual,First,112425.0,1500.0,106.4,20.2,5.0,3.8
Hyundai,2011,Petrol,Manual,First,125986.0,1500.0,,16.9,4.0,1.3
Toyota,2010,Diesel,Manual,First,37143.0,1200.0,81.2,21.9,5.0,2.55
Audi,2020,Diesel,Manual,First,64110.0,1800.0,144.4,17.8,,12.74
Honda,2008,Petrol,Manual,First,73143.0,1000.0,64.2,23.2,5.0,1.14
Maruti,2005,Petrol,Manual,First,237541.0,800.0,50.6,24.4,5.0,0.51
Hyundai,2005,Diesel,Manual,First,212921.0,1500.0,107.3,21.4,5.0,0.8
Hyundai,2023,Petrol,Automatic,First,20978.0,1500.0,119.0,18.5,5.0,4.93
Maruti,2012,Petrol,Manual,Second,70580.0,1200.0,,21.5,,0.95
Maruti,2007,Petrol,Manual,First,308531.0,1200.0,,19.2,5.0,0.62
Mahindra,2023,CNG,Manual,First,29725.0,800.0,65.4,21.3,7.0,3.79
Hyundai,2008,Diesel,Automatic,First,380936.0,1800.0,132.6,19.9,5.0,1.15
Mercedes,2012,Petrol,Manual,First,159331.0,1200.0,91.4,19.0,5.0,3.93
Hyundai,2005,Electric,Manual,Second,261111.0,1200.0,98.8,21.7,5.0,0.83
Maruti,2019,Petrol,Automatic,First,78178.0,2000.0,146.7,16.5,5.0,4.1
Tata,2019,Petrol,Manual,Second,86635.0,1800.0,128.7,18.9,7.0,2.52
BMW,2020,Petrol,Manual,Second,98501.0,1000.0,76.9,18.8,5.0,6.9
Hyundai,2010,Petrol,Manual,Second,255399.0,1500.0,115.6,20.2,5.0,0.91
Maruti,2011,Petrol,Automatic,Second,52956.0,1000.0,74.7,21.6,,1.26
Maruti,2024,Diesel,Automatic,First,34647.0,1000.0,80.1,20.7,5.0,5.24
Honda,2022,Petrol,Automatic,Third+,930468.0,1800.0,132.1,16.3,4.0,5.19
Honda,2005,Diesel,Manual,Second,241218.0,1000.0,74.8,,4.0,0.66
Hyundai,2019,Petrol,Manual,First,132542.0,1200.0,91.1,21.8,7.0,2.52
Maruti,2022,Petrol,Manual,First,76399.0,2000.0,149.9,15.3,5.0,4.54
Honda,2016,Petrol,Automatic,First,154948.0,1800.0,143.0,14.7,7.0,2.7
Mercedes,2018,Diesel,Automatic,First,63227.0,2500.0,,10.5,5.0,13.65
Mahindra,2005,Diesel,Automatic,First,111413.0,2000.0,146.3,16.9,5.0,1.65
Honda,2005,Petrol,Manual,Second,302416.0,1200.0,92.1,18.2,7.0,0.51
Maruti,2005,Petrol,Automatic,First,356444.0,1500.0,117.2,18.4,7.0,0.62
Hyundai,2008,Petrol,Automatic,First,44047.0,1200.0,93.5,25.3,5.0,1.27
Hyundai,2025,Diesel,Automatic,First,12067.0,1800.0,137.6,17.6,5.0,8.26
Tata,2018,Petrol,Automatic,First,79026.0,1200.0,79.9,21.8,5.0,2.9
BMW,2021,Diesel,Manual,First,15257.0,800.0,44.3,21.1,5.0,9.81
Audi,2011,Petrol,Manual,Second,202841.0,1000.0,81.7,19.5,5.0,2.56
Mercedes,2024,Petrol,Manual,First,25212.0,1800.0,136.0,18.2,5.0,16.62
Mercedes,2009,Diesel,Manual,Third+,152062.0,1000.0,73.9,21.2,7.0,2.29
Mercedes,2023,Petrol,Automatic,Second,25698.0,1500.0,115.3,20.7,5.0,14.36
Maruti,2005,Petrol,Automatic,Second,393195.0,2000.0,159.7,15.8,5.0,0.62
Maruti,2005,CNG,Automatic,First,171863.0,1800.0,141.8,23.2,5.0,1.15
Hyundai,2006,Petrol,Manual,Second,328636.0,1200.0,94.7,19.6,7.0,0.46
Toyota,2021,Petrol,Manual,Third+,26106.0,1000.0,68.8,22.5,5.0,2.92
Maruti,2010,Petrol,Manual,Second,204063.0,2500.0,180.6,10.9,5.0,1.1
BMW,2014,Petrol,Automatic,First,149681.0,,96.8,20.7,5.0,6.05
Toyota,2014,Diesel,Automatic,Second,169183.0,1200.0,92.7,21.5,5.0,2.46
Toyota,2021,Petrol,Automatic,First,83618.0,2500.0,191.8,10.8,5.0,7.12
Maruti,2012,CNG,Manual,First,103052.0,1000.0,81.2,21.4,7.0,1.21
Hyundai,2005,Diesel,Manual,Second,276706.0,1200.0,92.9,23.1,5.0,0.62
Maruti,2013,CNG,Automatic,Second,57351.0,1000.0,73.1,24.2,5.0,1.47
BMW,2011,Diesel,Manual,First,72243.0,1000.0,70.7,19.4,7.0,4.4
Toyota,2020,CNG,Automatic,First,57100.0,1200.0,83.9,19.8,4.0,3.7
Mahindra,2020,Diesel,Manual,Second,76772.0,1800.0,132.4,20.2,4.0,4.84
Hyundai,2006,Petrol,Manual,First,365254.0,1200.0,83.0,20.4,5.0,0.5
Hyundai,2021,Petrol,Manual,First,103188.0,1800.0,143.9,17.3,5.0,3.93
Hyundai,2006,Diesel,Automatic,Second,184189.0,2000.0,140.3,17.5,5.0,1.16
Tata,2018,Petrol,Manual,Second,106396.0,2000.0,147.0,13.3,7.0,2.75
Tata,2013,Diesel,Automatic,First,196850.0,800.0,47.6,21.5,,1.26
Maruti,2011,Petrol,Automatic,First,217179.0,1800.0,135.1,16.3,5.0,1.62
Audi,2015,Diesel,Manual,First,120416.0,1000.0,74.1,24.1,5.0,4.31
Maruti,2011,Petrol,Automatic,First,163380.0,1800.0,131.2,18.8,4.0,1.71
BMW,2021,CNG,Automatic,Second,47270.0,1200.0,83.3,22.0,7.0,8.0
Maruti,2025,Petrol,Manual,Second,8430.0,1800.0,133.3,16.7,5.0,4.93
Hyundai,2022,Petrol,Automatic,First,37155.0,1000.0,,24.0,5.0,4.73
BMW,2014,Diesel,Manual,First,138749.0,1500.0,,18.5,5.0,7.19
Maruti,2015,Diesel,Manual,First,96472.0,1000.0,85.8,23.0,5.0,1.44
Hyundai,2014,Diesel,Manual,First,64166.0,1000.0,75.1,23.6,4.0,1.7
Honda,2021,Electric,Automatic,First,69729.0,1500.0,114.3,21.9,5.0,6.82
Hyundai,2016,Petrol,Manual,First,134392.0,1200.0,86.1,20.6,5.0,2.4
Mahindra,2014,Diesel,Manual,Second,235796.0,1800.0,128.6,16.3,5.0,2.11
BMW,2013,Petrol,Automatic,First,161081.0,1800.0,133.2,19.3,4.0,6.54
BMW,2012,Diesel,Manual,Second,127837.0,1500.0,126.1,21.3,5.0,4.42
Hyundai,2016,Petrol,Automatic,First,91536.0,1800.0,131.6,,5.0,2.67
Honda,2019,Petrol,Automatic,Second,78668.0,1800.0,135.5,14.9,5.0,3.33
Hyundai,2014,Diesel,Manual,Third+,163460.0,2000.0,143.2,17.9,5.0,1.64
Hyundai,2021,Diesel,Manual,First,58939.0,1000.0,,19.0,5.0,4.19
Maruti,2022,Petrol,Automatic,First,14045.0,1500.0,106.4,15.8,5.0,4.72
Audi,2014,CNG,Manual,Second,88276.0,1800.0,147.6,16.4,5.0,5.43
BMW,2024,Diesel,Manual,First,19814.0,1000.0,77.6,21.9,4.0,11.08
Tata,2008,Petrol,Automatic,First,255323.0,1200.0,98.7,18.6,5.0,0.92
Honda,2024,Diesel,Automatic,First,500.0,1200.0,86.8,20.9,7.0,7.62
Honda,2011,Petrol,Automatic,Second,183583.0,1500.0,97.0,19.1,5.0,1.4
Honda,2016,Petrol,Manual,First,121035.0,1200.0,82.2,,5.0,2.23
Honda,2010,Diesel,Automatic,First,142557.0,1500.0,113.5,22.3,5.0,1.78
Hyundai,2014,Petrol,Automatic,First,101544.0,1500.0,112.5,19.4,,2.46
Maruti,2012,Petrol,Automatic,Second,108902.0,1500.0,111.0,20.7,5.0,1.56
Maruti,2019,Diesel,Automatic,First,74855.0,1200.0,85.7,17.9,7.0,3.44
Mercedes,2006,Petrol,Automatic,Second,322857.0,1800.0,139.0,14.1,5.0,2.6
Honda,2022,Diesel,Manual,Second,68353.0,1500.0,108.1,19.5,5.0,4.41
Mercedes,2023,Diesel,Manual,First,9841.0,1000.0,75.9,25.1,5.0,14.11
Maruti,2016,Petrol,Manual,First,108902.0,1000.0,75.2,19.9,5.0,1.53
Toyota,2016,Diesel,Manual,Second,5113.0,1200.0,86.7,20.8,5.0,3.3
Maruti,2019,Petrol,Manual,Second,74748.0,2500.0,179.9,10.2,5.0,2.63
Hyundai,2009,Diesel,Manual,First,233730.0,1200.0,86.3,19.2,5.0,0.94
Maruti,2020,Petrol,Automatic,First,111089.0,800.0,70.5,23.3,,2.98
Maruti,2009,CNG,Manual,First,54224.0,1000.0,80.7,20.9,5.0,0.98
Audi,2019,Petrol,Manual,First,45531.0,800.0,65.4,20.7,7.0,6.5
Hyundai,2011,Diesel,Manual,First,172131.0,1200.0,84.2,18.1,5.0,1.22
Toyota,2020,Petrol,Manual,First,22846.0,1800.0,124.7,,7.0,4.82
Honda,2021,Petrol,Automatic,First,57291.0,1200.0,95.5,21.4,7.0,4.35
Hyundai,2009,Petrol,Manual,Second,235531.0,2000.0,153.6,16.6,7.0,1.04
Honda,2017,Diesel,Manual,Second,47450.0,800.0,60.1,24.1,5.0,2.61
Maruti,2015,Electric,Automatic,Second,125038.0,1200.0,86.7,18.9,5.0,2.67
Mercedes,2011,Petrol,Manual,First,81440.0,1800.0,124.5,18.6,7.0,5.14
Tata,2017,Petrol,Manual,First,145444.0,1500.0,116.3,19.9,5.0,2.33
Tata,2025,Petrol,Automatic,First,16081.0,2000.0,155.3,15.5,5.0,8.31
Honda,2005,Petrol,Manual,Second,172002.0,1200.0,84.8,20.2,5.0,0.63
Maruti,2025,CNG,Automatic,First,500.0,1500.0,106.5,17.5,5.0,4.75
Audi,2022,CNG,Automatic,First,54970.0,1500.0,118.6,19.0,5.0,13.26
Hyundai,2016,CNG,Automatic,Third+,170842.0,1000.0,70.2,24.7,5.0,1.4
Maruti,2017,Petrol,Manual,Second,63070.0,2000.0,158.8,17.5,5.0,2.14
Hyundai,2012,Petrol,Automatic,First,121175.0,1200.0,88.2,20.0,7.0,1.33
Tata,2007,Diesel,Automatic,Second,141251.0,,71.8,22.7,4.0,1.01
Toyota,2017,Petrol,Manual,First,157340.0,1800.0,133.6,14.8,5.0,3.22
Tata,2022,Diesel,Automatic,First,5659.0,1800.0,131.0,18.1,5.0,6.67
Tata,2009,Petrol,Manual,First,293851.0,2000.0,154.9,14.0,5.0,1.06
Maruti,2020,Petrol,Automatic,First,57671.0,2000.0,153.5,16.7,5.0,4.24
Audi,2020,Diesel,Manual,Second,74246.0,1200.0,95.4,25.8,5.0,7.39
Hyundai,2020,Petrol,Manual,First,57932.0,1500.0,112.2,17.6,7.0,3.39
Toyota,2012,Electric,Manual,First,171991.0,3000.0,219.5,14.5,5.0,4.41
Maruti,2013,Petrol,Automatic,Third+,95903.0,1200.0,88.8,21.4,5.0,1.23
Mercedes,2013,Petrol,Manual,First,204075.0,1200.0,86.3,19.2,5.0,3.86
Hyundai,2022,Petrol,Manual,First,63374.0,2000.0,156.9,14.1,5.0,5.0
Maruti,2023,Petrol,Manual,First,22824.0,1000.0,80.1,26.0,5.0,3.58
Honda,2013,Diesel,Automatic,First,181799.0,2500.0,184.6,,5.0,2.8
Maruti,2025,Petrol,Manual,First,11152.0,1500.0,105.6,17.6,7.0,5.04
Maruti,2016,Diesel,Manual,First,113901.0,2000.0,157.4,,4.0,2.5
Toyota,2013,Diesel,Automatic,Second,230707.0,1500.0,111.9,19.4,7.0,2.27
Hyundai,2005,Petrol,Manual,First,165275.0,1500.0,110.3,18.6,7.0,0.93
Audi,2017,Petrol,Manual,First,133180.0,1800.0,142.6,17.4,4.0,7.29
Hyundai,2018,Petrol,Manual,First,109868.0,800.0,56.2,26.2,5.0,2.34
Mahindra,2025,Diesel,Automatic,Second,8615.0,1500.0,109.2,16.6,5.0,8.38
Honda,2020,Diesel,Automatic,First,77564.0,2500.0,183.8,13.5,5.0,6.56
Mahindra,2005,Petrol,Manual,First,253692.0,2500.0,177.3,12.2,7.0,1.17
Toyota,2016,Diesel,Manual,Third+,63187.0,2500.0,187.1,11.5,5.0,3.72
Honda,2020,Petrol,Manual,First,39678.0,1500.0,106.5,20.6,5.0,4.17
Mercedes,2015,Petrol,Automatic,First,70775.0,1500.0,107.7,16.0,4.0,7.02
Hyundai,2014,Petrol,Manual,First,110788.0,1500.0,106.9,14.4,5.0,1.85
Maruti,2022,Electric,Manual,First,70164.0,1500.0,107.6,19.0,7.0,4.82
Mahindra,2017,Petrol,Automatic,Third+,121799.0,1500.0,106.1,18.4,5.0,2.98
BMW,2019,Petrol,Manual,First,24482.0,800.0,60.7,20.6,5.0,5.4
Maruti,2014,Petrol,Manual,First,118926.0,1000.0,73.1,18.7,5.0,1.37
Honda,2010,Diesel,Manual,First,193942.0,1500.0,,22.1,5.0,1.31
BMW,2015,Petrol,Manual,First,156676.0,1200.0,103.0,21.3,5.0,4.96
Tata,2025,Petrol,Manual,First,7549.0,1200.0,88.0,20.5,5.0,4.8
Mercedes,2017,Petrol,Automatic,Second,49692.0,1000.0,77.7,25.7,5.0,5.57
Honda,2019,Diesel,Manual,First,81116.0,2000.0,152.5,17.3,7.0,5.02
Mahindra,2007,Petrol,Manual,Second,256080.0,2500.0,184.8,15.6,5.0,0.94
Hyundai,2025,CNG,Automatic,Second,325318.0,1500.0,112.8,,5.0,5.47
Audi,2010,Petrol,Automatic,First,112116.0,2500.0,185.3,10.2,5.0,6.07
Hyundai,2025,Petrol,Automatic,Second,25374.0,2000.0,149.4,16.6,4.0,7.67
Mahindra,2014,CNG,Automatic,Second,125488.0,1000.0,70.6,22.5,,1.55
Hyundai,2024,Diesel,Manual,First,20412.0,1000.0,71.1,,5.0,4.33
Toyota,2023,Petrol,Manual,First,18575.0,1000.0,74.2,18.8,5.0,5.64
Mahindra,2020,Diesel,Manual,First,95707.0,1000.0,,23.0,5.0,4.05
Honda,2024,Diesel,Manual,First,23181.0,1500.0,120.1,20.4,5.0,7.41
Audi,2017,Petrol,Automatic,Second,118766.0,1200.0,101.9,22.2,5.0,7.72
Hyundai,2022,Diesel,Automatic,First,18914.0,2000.0,149.2,14.8,5.0,6.33
Mahindra,2008,Diesel,Manual,First,283166.0,1500.0,115.1,19.6,5.0,1.27
Hyundai,2006,Petrol,Manual,First,291027.0,1200.0,95.4,19.1,7.0,0.62
Hyundai,2016,Diesel,Automatic,First,161601.0,3000.0,214.3,,5.0,3.29
Honda,2022,Petrol,Manual,Second,48322.0,2500.0,190.8,10.5,5.0,5.46
Maruti,2021,Petrol,Manual,Second,58609.0,1800.0,130.8,15.4,5.0,2.66
Maruti,2016,Electric,Manual,Second,101405.0,1800.0,147.1,16.3,5.0,2.74
Mahindra,2015,Diesel,Manual,First,233480.0,3000.0,221.1,8.4,5.0,3.02
Mahindra,2017,Diesel,Manual,First,87090.0,1500.0,116.6,17.3,5.0,3.7
Mahindra,2023,Diesel,Automatic,Second,25437.0,2000.0,147.1,13.2,7.0,7.3
Maruti,2022,Diesel,Manual,First,40852.0,800.0,72.4,26.5,4.0,2.48
Hyundai,2007,Petrol,Manual,Second,168951.0,1500.0,108.0,17.7,5.0,0.92
Maruti,2017,Electric,Automatic,First,154316.0,,118.1,19.2,5.0,3.31
Tata,2012,Diesel,Manual,First,62543.0,800.0,63.0,19.8,5.0,1.3
BMW,2021,Diesel,Automatic,First,42173.0,1000.0,76.5,24.2,5.0,10.23
Hyundai,2015,Petrol,Automatic,Second,137915.0,800.0,60.6,23.3,7.0,1.63
Mahindra,2025,Petrol,Manual,First,20309.0,1200.0,84.9,,5.0,6.29
Maruti,2014,Petrol,Manual,Second,170191.0,800.0,43.7,22.2,7.0,0.91
Hyundai,2019,Petrol,Automatic,First,135543.0,1200.0,95.3,22.1,5.0,2.4
Maruti,2007,Petrol,Automatic,First,240412.0,2000.0,145.2,10.2,5.0,1.37
Hyundai,2024,Diesel,Automatic,Second,23945.0,1500.0,118.1,17.1,5.0,7.17
Mahindra,2008,Diesel,Manual,First,269173.0,1500.0,113.2,18.4,5.0,1.44
Audi,2012,Petrol,Automatic,First,70575.0,800.0,66.5,22.8,5.0,3.57
Maruti,2022,Petrol,Automatic,Third+,16285.0,2000.0,153.0,20.0,5.0,3.88
Toyota,2025,Diesel,Manual,Second,21892.0,1000.0,59.3,21.1,5.0,6.12
Mahindra,2015,Petrol,Automatic,First,138573.0,,,22.3,5.0,2.35
Mercedes,2015,CNG,Manual,Second,166463.0,1500.0,109.0,21.9,5.0,4.29
Toyota,2006,Petrol,Manual,First,145064.0,2500.0,192.2,13.6,5.0,1.88
Hyundai,2025,Petrol,Automatic,First,23137.0,3000.0,225.8,8.0,5.0,9.47
Toyota,2005,Petrol,Manual,First,293691.0,1800.0,137.0,14.4,5.0,0.89
Hyundai,2005,CNG,Manual,First,221515.0,1800.0,131.7,18.1,5.0,0.86
Mercedes,2014,Petrol,Manual,First,138654.0,1500.0,105.6,21.6,5.0,5.13
Hyundai,2005,Diesel,Automatic,First,259587.0,1500.0,108.5,19.6,5.0,0.76
Mahindra,2008,Petrol,Manual,Second,126314.0,1000.0,63.3,24.0,5.0,0.87
Maruti,2018,Petrol,Automatic,First,70408.0,1200.0,85.3,25.2,5.0,2.52
Hyundai,2019,Diesel,Automatic,First,92576.0,3000.0,213.4,10.8,5.0,5.88
BMW,2011,Petrol,Manual,Second,134919.0,3000.0,213.6,,5.0,5.18
Toyota,2021,Petrol,Automatic,Third+,28244.0,1200.0,89.6,20.6,7.0,4.71
Honda,2017,Diesel,Automatic,First,105292.0,1200.0,92.1,23.0,5.0,3.23
Audi,2009,Diesel,Manual,Second,249190.0,1000.0,73.9,21.3,5.0,2.03
BMW,2019,Petrol,Automatic,Second,111180.0,1500.0,108.1,21.3,5.0,9.52
Hyundai,2017,Petrol,Manual,First,124612.0,1000.0,68.4,21.6,5.0,2.11
Toyota,2022,Electric,Manual,First,64448.0,1500.0,109.2,19.2,7.0,7.68
Honda,2008,Diesel,Manual,First,275297.0,800.0,54.3,22.4,5.0,0.83
Toyota,2009,Diesel,Manual,Second,198061.0,1000.0,73.7,22.0,5.0,1.1
Hyundai,2011,Diesel,Manual,First,13564.0,1200.0,79.8,20.9,5.0,1.5
Hyundai,2012,Diesel,Manual,First,231423.0,1800.0,137.5,13.9,7.0,2.04
Audi,2023,Petrol,Manual,Second,14235.0,1200.0,85.5,19.7,5.0,9.38
Audi,2020,Petrol,Manual,First,37700.0,1200.0,91.1,18.3,5.0,8.67
BMW,2016,Diesel,Manual,First,65993.0,1500.0,116.4,17.9,5.0,6.47
Mercedes,2016,Diesel,Automatic,Second,226242.0,1800.0,135.3,15.3,7.0,7.79
Tata,2023,CNG,Manual,Third+,30752.0,1200.0,93.7,22.3,5.0,2.6
Tata,2014,Diesel,Manual,Second,73517.0,1800.0,120.9,18.6,5.0,2.58
Tata,2009,Petrol,Manual,First,138303.0,1200.0,85.9,21.5,7.0,1.25
Honda,2007,Petrol,Manual,First,212379.0,1500.0,117.7,16.3,5.0,1.09
Honda,2011,Diesel,Manual,First,202992.0,1200.0,91.9,20.3,5.0,1.47
Hyundai,2018,Petrol,Manual,First,87046.0,2500.0,196.3,10.0,5.0,3.58
Mahindra,2014,Diesel,Manual,First,87845.0,3000.0,232.4,9.0,5.0,4.0
Hyundai,2013,Diesel,Automatic,Second,168434.0,1800.0,135.1,17.9,5.0,2.13
Hyundai,2015,Petrol,Manual,Second,91565.0,2000.0,146.6,17.3,5.0,2.21
Toyota,2025,Diesel,Manual,First,16854.0,1000.0,68.3,22.6,5.0,7.43
Hyundai,2025,Diesel,Automatic,First,13769.0,1500.0,108.3,20.9,5.0,6.74
Maruti,2008,CNG,Automatic,First,143796.0,1000.0,71.6,22.2,5.0,1.02
Tata,2007,Petrol,Manual,First,269158.0,1200.0,85.3,20.1,5.0,0.69
BMW,2010,Diesel,Manual,Second,202638.0,1500.0,105.6,20.2,5.0,2.99
Maruti,2022,Petrol,Manual,First,37360.0,1800.0,135.7,18.4,7.0,4.31
Maruti,2014,Diesel,Manual,Second,171369.0,1800.0,143.5,15.8,5.0,1.76
Hyundai,2023,,Manual,First,41494.0,2000.0,153.7,16.2,5.0,4.45
Tata,2018,CNG,Manual,First,122436.0,1500.0,109.2,18.1,5.0,2.36
Tata,2016,CNG,Automatic,Third+,144570.0,2500.0,191.3,8.8,7.0,1.93
Maruti,2010,Diesel,Automatic,First,166453.0,2000.0,150.2,16.3,7.0,1.61
Tata,2012,Diesel,Manual,First,52598.0,2000.0,147.9,13.2,5.0,2.15
Maruti,2008,Petrol,Manual,First,217873.0,1000.0,73.5,22.3,5.0,0.71
Hyundai,2015,Diesel,Automatic,First,137654.0,1500.0,109.9,,5.0,2.41
Mercedes,2010,Petrol,Manual,First,180415.0,1800.0,137.2,15.5,5.0,3.8
Maruti,2011,Diesel,Manual,First,500.0,3000.0,223.1,8.5,5.0,2.92
Maruti,2005,Petrol,Manual,First,299486.0,800.0,54.9,25.2,5.0,0.52
Hyundai,2021,Diesel,Automatic,First,41911.0,1200.0,84.2,19.5,5.0,4.06
Toyota,2024,Petrol,Manual,First,24808.0,1200.0,90.7,18.6,5.0,6.68
Audi,2015,Diesel,Manual,Second,201789.0,1200.0,91.5,21.2,7.0,4.38
Mercedes,2016,Diesel,Manual,Second,96961.0,2000.0,146.3,15.1,5.0,6.66
Maruti,2024,Petrol,Manual,First,21231.0,800.0,52.5,24.4,7.0,2.99
Maruti,2015,Petrol,Manual,First,2088270.0,1200.0,96.4,18.7,5.0,1.2
Tata,2018,Diesel,Automatic,First,109264.0,1800.0,139.6,17.1,5.0,4.02
Hyundai,2013,Diesel,Manual,First,151054.0,1200.0,77.0,24.9,7.0,1.45
BMW,2015,Petrol,Automatic,First,96641.0,1000.0,82.1,,5.0,5.64
Mahindra,2015,Petrol,Automatic,Second,77974.0,1500.0,109.9,19.0,5.0,3.63
Maruti,2019,Petrol,Manual,First,119781.0,1500.0,112.3,15.6,5.0,3.01
Tata,2017,Diesel,Manual,First,114361.0,3000.0,229.1,7.7,7.0,3.69
Maruti,2015,Diesel,Automatic,Second,160643.0,1800.0,,17.6,5.0,1.99
Hyundai,2006,Petrol,Manual,Second,256158.0,3000.0,228.2,8.7,5.0,1.12
Toyota,2023,Diesel,Manual,First,38874.0,1000.0,75.5,22.9,5.0,4.97
Honda,2023,Diesel,Manual,First,16265.0,1800.0,125.1,17.5,5.0,7.39
Mahindra,2008,Diesel,Automatic,Third+,202555.0,1500.0,99.0,16.3,,1.63
Mahindra,2011,Petrol,Manual,First,204412.0,1800.0,138.6,,7.0,1.88
Mercedes,2025,Petrol,Automatic,Second,18126.0,1200.0,96.9,18.3,5.0,17.23
Mercedes,2011,Petrol,Manual,Second,350540.0,1000.0,69.2,20.4,5.0,2.38
Honda,2022,Petrol,Manual,First,50723.0,800.0,57.6,23.4,5.0,3.15
Maruti,2021,Petrol,Manual,First,40130.0,2000.0,144.8,18.3,7.0,4.15
Mahindra,2023,Petrol,Manual,First,19354.0,2000.0,144.6,13.7,,6.22
Mercedes,2005,Petrol,Manual,First,144609.0,1000.0,80.5,22.0,5.0,2.28
Hyundai,2015,Diesel,Manual,First,79557.0,1500.0,112.4,18.9,5.0,2.17
Honda,2016,Petrol,Manual,Second,500.0,1800.0,132.0,17.9,5.0,3.19
Hyundai,2022,Diesel,Manual,Second,28849.0,1500.0,127.1,20.8,5.0,4.67
Maruti,2009,Petrol,Manual,Second,246012.0,1200.0,80.3,19.8,4.0,0.67
Mahindra,2011,Diesel,Manual,Third+,176393.0,2000.0,151.4,17.3,5.0,1.54
Hyundai,2008,Petrol,Manual,Second,173186.0,1500.0,104.8,21.0,5.0,0.89
Tata,2021,Diesel,Automatic,First,9837.0,1800.0,132.4,20.0,5.0,5.35
Tata,2025,Diesel,Manual,First,20360.0,1500.0,112.0,19.5,5.0,6.3
Tata,2007,Petrol,Manual,First,253107.0,1800.0,138.4,17.0,5.0,0.85
Hyundai,2009,Diesel,Manual,First,1792750.0,1000.0,72.5,20.9,4.0,0.92
Hyundai,2011,Petrol,Manual,First,776.0,2500.0,183.0,9.7,5.0,2.43
Tata,2023,Diesel,Automatic,First,21558.0,1200.0,87.2,20.0,7.0,5.8
Tata,2014,Petrol,Manual,First,153106.0,2000.0,141.7,15.7,5.0,2.02
Honda,2010,Petrol,Manual,First,168185.0,2000.0,151.9,15.3,5.0,1.41
BMW,2011,Petrol,Manual,Second,181415.0,1500.0,112.8,19.7,5.0,3.64
Maruti,2017,CNG,Manual,First,122698.0,1500.0,113.7,16.0,7.0,1.96
BMW,2013,Petrol,Automatic,First,152114.0,1000.0,73.7,,5.0,5.3
Maruti,2007,Diesel,Automatic,First,276415.0,1200.0,87.7,24.1,5.0,0.84
Maruti,2022,Petrol,Manual,First,29403.0,1500.0,118.2,20.4,7.0,3.86
Honda,2013,Petrol,Manual,First,70890.0,1000.0,80.2,,4.0,1.63
Maruti,2010,Petrol,Manual,First,209905.0,1000.0,82.6,22.5,5.0,0.85
Maruti,2020,CNG,Manual,First,87770.0,3000.0,224.5,8.6,4.0,5.78
Maruti,2020,Diesel,Manual,Second,82738.0,1200.0,97.0,17.3,5.0,2.49
Hyundai,2008,Petrol,Manual,First,203641.0,1200.0,86.4,21.3,5.0,0.99
Tata,2006,Diesel,Manual,Third+,188781.0,1200.0,87.7,16.1,5.0,0.65
Maruti,2005,Petrol,Manual,Second,247602.0,1500.0,118.3,18.0,5.0,0.63
Mahindra,2021,Petrol,Manual,First,62121.0,1200.0,93.9,20.5,5.0,3.37
Tata,2018,Diesel,Automatic,First,112948.0,1800.0,131.6,15.9,5.0,4.7
Maruti,2021,Petrol,Automatic,First,116748.0,1500.0,104.8,22.5,5.0,3.73
Maruti,2018,Petrol,Manual,Second,54452.0,800.0,58.0,26.3,4.0,1.58
BMW,2013,Diesel,Automatic,Second,337943.0,1500.0,107.0,20.5,5.0,4.36
Tata,2017,Petrol,Manual,Second,49041.0,800.0,69.6,21.3,5.0,1.7
Honda,2020,CNG,Automatic,Second,68223.0,2000.0,152.7,19.0,5.0,3.98
Tata,2013,Diesel,Manual,First,81422.0,1000.0,69.5,22.9,5.0,1.28
Maruti,2024,Diesel,Automatic,Second,23974.0,1000.0,67.8,20.1,5.0,5.08
Hyundai,2023,,Manual,First,34979.0,1200.0,84.2,20.6,5.0,4.42
Mahindra,2021,Diesel,Manual,First,47735.0,1000.0,70.7,23.5,5.0,3.98
Hyundai,2025,Petrol,Automatic,First,21017.0,1500.0,110.1,17.5,7.0,6.19
Tata,2013,Diesel,Manual,Second,110298.0,1200.0,95.6,20.8,5.0,1.75
Honda,2007,Diesel,Manual,First,40483.0,2500.0,179.4,12.9,5.0,1.89
Tata,2015,CNG,Automatic,First,152427.0,1000.0,87.8,,4.0,1.85
Honda,2020,Petrol,Automatic,First,70397.0,1500.0,105.5,18.1,5.0,4.4
Hyundai,2021,Diesel,Automatic,Third+,42925.0,1800.0,124.9,,5.0,3.73
Maruti,2013,Diesel,Automatic,First,121599.0,1000.0,84.2,23.3,4.0,1.78
Maruti,2011,Petrol,Automatic,First,194027.0,1500.0,119.0,17.0,5.0,1.53
Tata,2014,Diesel,Manual,First,87823.0,2000.0,147.1,,5.0,2.4
Maruti,2021,Petrol,Manual,First,58116.0,1800.0,135.6,14.2,5.0,3.68
Maruti,2006,Petrol,Automatic,Second,328770.0,2500.0,187.6,10.3,5.0,0.86
Maruti,2011,Diesel,Automatic,Third+,294970.0,1800.0,134.2,14.6,5.0,1.15
Maruti,2009,Petrol,Manual,Second,299104.0,1200.0,81.1,20.0,5.0,0.79
Tata,2021,Petrol,Manual,Second,59624.0,2500.0,170.3,12.7,5.0,4.18
Hyundai,2014,Petrol,Automatic,First,148235.0,1000.0,69.0,22.4,4.0,1.63
Mercedes,2006,Petrol,Manual,First,170893.0,1500.0,122.0,15.4,7.0,2.57
Maruti,2010,Diesel,Manual,First,136845.0,1800.0,144.5,16.4,5.0,1.31
Mahindra,2005,CNG,Automatic,Second,310878.0,2000.0,146.6,14.1,5.0,0.79
Honda,2014,Diesel,Manual,First,118763.0,2000.0,142.4,16.5,5.0,2.86
Hyundai,2025,Petrol,Manual,Second,7933.0,1000.0,75.7,21.3,5.0,4.19
BMW,2016,Diesel,Manual,First,79427.0,1800.0,136.0,16.6,4.0,8.16
Mercedes,2023,Diesel,Manual,First,50183.0,1000.0,,20.4,5.0,11.92
BMW,2020,Diesel,Automatic,First,52214.0,1800.0,,,5.0,12.88
Maruti,2023,Petrol,Manual,Second,46753.0,1800.0,152.3,,5.0,4.03
Maruti,2011,Petrol,Manual,Second,112737.0,1000.0,80.9,,4.0,0.94
Mahindra,2024,CNG,Manual,First,9268.0,2000.0,147.0,15.7,5.0,7.54
Hyundai,2010,Diesel,Manual,Second,276673.0,1200.0,84.6,20.0,5.0,0.94
Mahindra,2014,Petrol,Manual,Second,100762.0,1500.0,117.0,17.2,5.0,2.2
Toyota,2019,,Manual,First,30192.0,3000.0,225.2,6.0,5.0,8.27
Toyota,2011,Petrol,Manual,Second,101188.0,1500.0,111.7,17.4,5.0,1.87
Tata,2010,Petrol,Manual,First,240116.0,1500.0,113.9,,4.0,1.16
Mahindra,2007,Diesel,Manual,First,268696.0,800.0,58.6,26.0,,0.68
Maruti,2005,Diesel,Manual,First,162487.0,1000.0,76.5,25.8,5.0,0.73
Maruti,2015,Petrol,Manual,First,84097.0,800.0,,22.9,5.0,1.33
Toyota,2025,CNG,Manual,First,11638.0,1200.0,90.9,18.0,7.0,6.41
Honda,2009,Diesel,Manual,First,287439.0,1200.0,90.6,,5.0,0.94
Hyundai,2014,Petrol,Manual,First,127549.0,1500.0,119.5,16.9,5.0,2.27
Hyundai,2024,Diesel,Manual,Second,18032.0,1800.0,123.8,15.8,5.0,4.34
Tata,2021,Diesel,Automatic,First,69814.0,1000.0,69.3,20.6,,4.48
Tata,2005,Diesel,Manual,First,434346.0,1500.0,111.3,17.7,5.0,0.63
Toyota,2015,Electric,Automatic,First,60739.0,2000.0,143.8,14.9,5.0,4.97
Hyundai,2008,Diesel,Automatic,First,149465.0,1000.0,71.7,19.4,4.0,1.39
Hyundai,2010,Petrol,Manual,Second,146021.0,1500.0,118.8,17.4,5.0,1.18
Honda,2010,Petrol,Manual,Second,229980.0,800.0,58.4,24.8,5.0,0.63
Hyundai,2017,Diesel,Manual,First,89096.0,1500.0,100.1,18.6,5.0,2.71
Toyota,2009,Electric,Manual,Second,218800.0,1800.0,130.8,17.0,4.0,2.1
Mahindra,2010,Petrol,Manual,First,184102.0,800.0,,19.0,5.0,1.26
Maruti,2009,Petrol,Manual,Third+,185098.0,1200.0,89.1,22.2,5.0,0.64
Maruti,2012,Diesel,Automatic,First,165067.0,2000.0,151.5,14.3,5.0,1.57
Maruti,2018,Petrol,Manual,First,123705.0,1000.0,76.9,23.8,5.0,2.17
BMW,2013,Petrol,Automatic,First,92575.0,1800.0,132.5,17.0,7.0,6.86
Mahindra,2011,CNG,Automatic,First,152005.0,1500.0,104.0,,4.0,1.54
Maruti,2015,Diesel,Manual,First,58471.0,1000.0,71.4,18.7,5.0,1.86
BMW,2017,CNG,Automatic,First,112126.0,1800.0,129.6,20.7,7.0,8.84
Honda,2005,Diesel,Automatic,First,213025.0,1500.0,109.4,20.1,5.0,1.11
Honda,2023,Petrol,Manual,Second,47977.0,1000.0,78.2,23.3,7.0,3.34
Audi,2024,CNG,Manual,Second,12410.0,2500.0,187.6,15.6,5.0,14.48
Maruti,2017,Petrol,Manual,First,79257.0,1500.0,116.1,19.0,5.0,2.23
Maruti,2017,Petrol,Manual,Second,93328.0,1800.0,131.0,19.2,5.0,2.27
Toyota,2019,CNG,Manual,First,127369.0,,83.1,20.9,5.0,3.13
Maruti,2014,Diesel,Manual,Third+,50719.0,1000.0,78.1,23.1,5.0,1.03
Mahindra,2012,CNG,Manual,First,115806.0,1800.0,,15.6,5.0,2.13
Maruti,2012,Petrol,Automatic,Second,155270.0,1500.0,114.7,17.7,5.0,1.46
Maruti,2008,CNG,Manual,Second,153238.0,1200.0,84.8,20.7,7.0,0.72
Maruti,2022,Diesel,Manual,Second,51133.0,1800.0,120.7,14.5,5.0,3.85
Hyundai,2011,Diesel,Manual,Second,159836.0,1500.0,107.5,19.2,5.0,1.54
Maruti,2010,CNG,Automatic,First,193375.0,1200.0,93.4,19.9,7.0,1.21
Maruti,2025,Petrol,Manual,Second,11933.0,1800.0,133.8,13.2,7.0,4.73
BMW,2015,Diesel,Manual,First,119734.0,1500.0,110.3,17.8,7.0,6.31
Hyundai,2018,Diesel,Automatic,First,34168.0,,106.0,18.0,5.0,4.27
Hyundai,2010,Diesel,Manual,Third+,193019.0,1800.0,121.6,18.3,7.0,1.27
Maruti,2010,CNG,Automatic,First,49375.0,1500.0,119.7,19.1,5.0,1.38
Hyundai,2020,Diesel,Manual,First,50627.0,2500.0,183.9,15.0,5.0,4.61
Hyundai,2014,Petrol,Manual,Second,170376.0,2000.0,145.6,16.4,5.0,1.83
Toyota,2008,Petrol,Automatic,First,291806.0,1200.0,84.9,,5.0,1.08
Maruti,2022,CNG,Automatic,First,80166.0,1200.0,,20.4,7.0,2.87
BMW,2013,Electric,Automatic,First,118916.0,2500.0,190.5,11.7,5.0,10.03
Audi,2019,Electric,Manual,Second,51509.0,2000.0,142.3,16.4,5.0,13.33
Maruti,2012,Petrol,Automatic,Second,191262.0,1000.0,81.1,21.9,5.0,1.23
Maruti,2016,Petrol,Manual,First,191457.0,1200.0,88.0,19.4,5.0,1.47
Maruti,2021,Diesel,Automatic,First,85336.0,1200.0,85.2,20.5,5.0,3.7
Toyota,2023,Diesel,Automatic,First,11362.0,2000.0,146.4,16.3,5.0,10.05
Maruti,2009,Petrol,Manual,Second,169414.0,2500.0,180.5,,5.0,1.11
BMW,2019,Diesel,Manual,Second,101707.0,2000.0,140.2,16.1,5.0,8.82
Tata,2024,Petrol,Manual,Third+,29694.0,1200.0,93.5,17.7,5.0,3.48
Tata,2018,Petrol,Manual,First,119633.0,2000.0,146.8,17.5,5.0,2.72
Honda,2008,Petrol,Manual,First,153188.0,800.0,63.0,23.9,5.0,0.8
Mercedes,2008,Petrol,Manual,First,246897.0,1200.0,90.6,23.4,7.0,2.39
Maruti,2009,Petrol,Manual,First,254466.0,1200.0,92.2,18.5,7.0,0.81
Hyundai,2007,CNG,Manual,First,130427.0,1500.0,98.8,20.7,5.0,0.83
Hyundai,2020,Diesel,Manual,First,99150.0,1500.0,105.9,20.3,5.0,3.54
Audi,2025,CNG,Automatic,First,20641.0,1000.0,77.5,21.4,5.0,11.78
Toyota,2015,Petrol,Manual,Third+,89419.0,1000.0,,21.1,5.0,1.63
Tata,2017,Petrol,Manual,First,135893.0,2000.0,150.4,13.5,5.0,2.98
Maruti,2021,Petrol,Automatic,First,80491.0,800.0,50.9,20.6,7.0,2.68
Mercedes,2013,Diesel,Automatic,Second,196593.0,1500.0,111.2,17.3,7.0,6.27
Honda,2014,Petrol,Manual,First,224065.0,1000.0,83.7,19.5,5.0,1.45
Honda,2017,Diesel,Manual,First,98361.0,1200.0,93.5,23.4,5.0,3.12
Mercedes,2011,Diesel,Manual,First,192137.0,1200.0,77.8,17.8,7.0,4.16
Hyundai,2006,Diesel,Automatic,First,500.0,1800.0,138.4,17.0,5.0,1.66
Hyundai,2016,Petrol,Automatic,First,155864.0,1200.0,99.8,21.3,7.0,1.91
Toyota,2022,Diesel,Automatic,First,73252.0,1200.0,105.7,21.1,7.0,6.17
Maruti,2006,Petrol,Automatic,First,336614.0,2000.0,151.0,16.3,7.0,0.8
Hyundai,2009,Petrol,Manual,First,113163.0,1000.0,,23.5,5.0,0.93
Maruti,2010,Diesel,Manual,First,235777.0,1800.0,135.9,15.9,5.0,1.26
Maruti,2021,Diesel,Automatic,First,73693.0,1200.0,98.5,20.7,5.0,3.3
BMW,2015,Diesel,Automatic,First,83808.0,2000.0,147.0,15.0,7.0,8.52
Toyota,2016,Petrol,Manual,Third+,154167.0,800.0,65.5,25.3,5.0,1.38
Hyundai,2018,Electric,Manual,First,106169.0,1500.0,,22.4,5.0,3.78
Hyundai,2010,Electric,Manual,First,56448.0,1500.0,113.3,,5.0,1.96
Hyundai,2019,Petrol,Automatic,First,90377.0,,96.2,15.0,5.0,3.28
Toyota,2005,Diesel,Manual,Second,154551.0,2000.0,142.4,16.5,5.0,1.3
Audi,2007,Petrol,Automatic,First,71125.0,1000.0,74.0,23.7,7.0,2.7
Audi,2022,Diesel,Manual,First,59124.0,1200.0,86.7,,5.0,10.81
Hyundai,2018,Diesel,Manual,First,91928.0,2000.0,140.3,16.8,5.0,3.21
Hyundai,2008,Diesel,Automatic,First,303477.0,2000.0,145.2,18.0,5.0,1.2
Honda,2014,Diesel,Manual,Second,147760.0,1500.0,113.1,21.6,5.0,2.48
Toyota,2006,Petrol,Automatic,First,5088695.0,1500.0,110.6,,5.0,1.06
Honda,2019,Diesel,Automatic,Second,84548.0,1800.0,133.7,18.3,7.0,3.61
Mahindra,2020,Diesel,Automatic,First,98979.0,1800.0,137.7,14.4,7.0,6.06
Toyota,2010,Petrol,Manual,Second,113305.0,2000.0,146.1,15.5,5.0,1.74
Hyundai,2012,Petrol,Automatic,First,164872.0,2000.0,,16.0,7.0,2.08
Hyundai,2009,,Manual,Second,176765.0,1200.0,83.0,20.3,5.0,0.96
Hyundai,2013,Diesel,Manual,Second,183457.0,1500.0,122.7,18.6,5.0,1.62
Maruti,2010,Diesel,Manual,First,200206.0,1500.0,117.8,21.4,5.0,1.17
Maruti,2010,CNG,Manual,First,137319.0,1000.0,71.9,20.4,5.0,0.86
Mahindra,2014,Diesel,Manual,First,106217.0,2000.0,146.4,16.9,5.0,3.5
Hyundai,2023,Petrol,Manual,First,52011.0,1500.0,112.4,19.2,5.0,3.56
Maruti,2021,Petrol,Manual,Second,17345.0,800.0,62.9,21.5,5.0,1.94
Toyota,2011,Diesel,Manual,First,220743.0,1500.0,117.7,16.7,5.0,1.72
Tata,2024,Diesel,Manual,Second,19536.0,1200.0,80.8,17.4,5.0,3.75
Hyundai,2009,Diesel,Manual,Second,228227.0,800.0,,23.9,5.0,0.69
Tata,2024,Diesel,Automatic,Second,32100.0,1500.0,98.4,18.5,7.0,5.48
Audi,2011,Diesel,Manual,Second,221503.0,1800.0,132.3,15.3,4.0,4.01
Toyota,2016,Diesel,Manual,First,132214.0,,119.8,15.2,5.0,3.25
Mahindra,2009,Diesel,Automatic,First,148636.0,800.0,50.8,,5.0,1.33
Maruti,2021,Petrol,Automatic,First,52392.0,1500.0,101.5,18.3,5.0,3.83
Audi,2011,Diesel,Automatic,Second,210221.0,800.0,,21.7,5.0,2.52
Hyundai,2023,Diesel,Automatic,Third+,43227.0,2500.0,193.5,10.6,5.0,6.56
Audi,2006,Petrol,Automatic,First,144112.0,1200.0,90.8,20.1,4.0,2.89
Toyota,2015,Diesel,Manual,Third+,64056.0,2000.0,136.7,16.3,5.0,2.64
Maruti,2008,Diesel,Automatic,Third+,220856.0,800.0,49.2,22.4,4.0,0.72
Maruti,2023,Diesel,Automatic,First,12769.0,1000.0,74.7,19.6,5.0,4.2
Mahindra,2013,Diesel,Manual,Second,125055.0,1200.0,81.8,20.4,5.0,1.72
Toyota,2019,Petrol,Automatic,First,500.0,1800.0,134.2,18.6,7.0,6.33
Maruti,2023,Petrol,Automatic,First,51475.0,2500.0,186.4,,5.0,6.62
Tata,2016,Petrol,Automatic,First,167982.0,1500.0,108.2,,5.0,2.4
BMW,2006,Petrol,Automatic,First,226943.0,1200.0,99.8,19.9,5.0,2.26
Honda,2009,Diesel,Manual,Second,319671.0,800.0,62.8,21.4,5.0,0.81
Honda,2009,Diesel,Manual,First,285066.0,1500.0,118.4,17.0,5.0,1.14
Maruti,2024,Diesel,Manual,Second,14597.0,1200.0,94.4,17.5,5.0,4.0
Tata,2024,Petrol,Automatic,Second,23952.0,2000.0,147.2,17.6,5.0,7.29
Hyundai,2015,Petrol,Automatic,Second,106076.0,1500.0,109.9,19.5,5.0,1.88
BMW,2023,Petrol,Automatic,First,40990.0,1800.0,131.5,16.9,5.0,15.78
Hyundai,2010,Diesel,Automatic,First,165218.0,2000.0,152.2,16.0,7.0,2.12
Toyota,2019,Petrol,Automatic,First,101057.0,1000.0,70.2,22.4,5.0,3.94
Hyundai,2013,Diesel,Manual,First,180903.0,1200.0,99.2,19.2,5.0,1.69
Maruti,2010,Diesel,Automatic,First,156697.0,2000.0,143.7,,5.0,1.53
Tata,2010,Diesel,Manual,First,255633.0,1200.0,90.2,19.6,5.0,1.1
Honda,2013,Petrol,Manual,First,139867.0,1500.0,109.7,23.1,5.0,1.86
Honda,2012,Petrol,Manual,First,158455.0,2000.0,145.4,17.3,5.0,2.51
Mercedes,2009,Diesel,Manual,First,110270.0,1200.0,101.9,20.8,7.0,3.99
Mercedes,2012,Diesel,Manual,First,136729.0,2000.0,145.5,18.0,5.0,6.02
BMW,2007,Petrol,Manual,Second,395843.0,1200.0,87.1,22.7,5.0,1.51
Maruti,2025,Diesel,Manual,First,4843.0,1500.0,107.1,16.1,,5.75
Toyota,2012,Diesel,Automatic,Third+,179028.0,1200.0,89.1,20.1,7.0,1.85
BMW,2007,Petrol,Manual,First,170084.0,1500.0,,18.6,5.0,2.45
Hyundai,2017,Petrol,Automatic,First,16932.0,800.0,52.5,24.1,7.0,2.7
Maruti,2023,Petrol,Manual,Second,44501.0,800.0,56.7,22.6,5.0,2.21
Tata,2012,Petrol,Manual,Second,116917.0,1200.0,92.5,20.3,5.0,1.26
Honda,2022,Petrol,Manual,First,54088.0,1200.0,95.1,19.7,7.0,3.81
Toyota,2017,Diesel,Manual,First,139126.0,1500.0,111.3,20.5,5.0,3.55
Mercedes,2020,Petrol,Automatic,First,74057.0,800.0,59.6,20.4,5.0,9.21
Toyota,2011,CNG,Manual,First,188428.0,1000.0,,21.0,5.0,1.12
Hyundai,2005,CNG,Automatic,Second,138428.0,1000.0,71.1,18.4,7.0,0.65
Hyundai,2012,Petrol,Manual,First,183293.0,1200.0,83.4,18.6,5.0,1.09
Hyundai,2024,Petrol,Automatic,First,21426.0,1200.0,79.5,21.1,5.0,5.15
Maruti,2021,Diesel,Automatic,First,5771.0,1000.0,69.9,22.4,7.0,3.32
Tata,2021,Electric,Manual,First,65417.0,1500.0,116.5,18.1,5.0,5.42
Tata,2023,Diesel,Manual,First,44185.0,1800.0,130.8,18.8,5.0,5.34
Hyundai,2012,Petrol,Manual,First,251934.0,1800.0,131.3,19.2,5.0,1.53
Hyundai,2011,Petrol,Manual,Second,313320.0,1200.0,86.7,20.4,5.0,0.94
BMW,2024,Petrol,Manual,First,32821.0,2000.0,155.6,16.0,5.0,16.38
Maruti,2017,Diesel,Manual,First,122081.0,1500.0,105.5,17.8,7.0,2.64
Honda,2011,Diesel,Automatic,First,234085.0,1500.0,112.8,19.8,5.0,2.12
Honda,2010,Diesel,Automatic,First,116019.0,1000.0,73.7,19.6,7.0,1.48
Mahindra,2023,Diesel,Manual,First,13357.0,1200.0,89.3,23.7,5.0,6.75
Maruti,2006,Petrol,Manual,First,176482.0,1200.0,90.4,22.6,5.0,0.69
Mahindra,2006,Diesel,Manual,Third+,335246.0,1200.0,89.2,18.3,5.0,0.58
Hyundai,2020,Petrol,Manual,Third+,52113.0,1800.0,138.1,15.3,5.0,2.98
Toyota,2005,Diesel,Automatic,Second,271253.0,1200.0,88.7,21.3,5.0,0.95
Maruti,2008,Diesel,Manual,Second,249876.0,1000.0,84.5,21.1,5.0,0.57
Honda,2025,Diesel,Manual,First,14925.0,1000.0,74.3,22.7,5.0,5.15
Honda,2013,Petrol,Manual,First,68270.0,1000.0,63.9,21.1,5.0,2.01
Maruti,2020,Diesel,Manual,First,82909.0,1200.0,92.7,23.2,5.0,3.01
Maruti,2015,Diesel,Manual,Second,93661.0,800.0,61.6,23.0,5.0,1.54
Maruti,2006,Petrol,Manual,First,370957.0,1500.0,111.3,23.0,5.0,0.55
Hyundai,2008,Petrol,Manual,First,286676.0,1200.0,87.3,21.6,5.0,0.71
Maruti,2020,Diesel,Manual,First,57361.0,1500.0,98.4,16.2,7.0,2.91
Audi,2006,Petrol,Automatic,First,384828.0,2500.0,173.5,16.1,5.0,2.92
Hyundai,2017,Petrol,Manual,Second,108005.0,2000.0,158.0,17.5,7.0,2.63
Tata,2012,Petrol,Automatic,First,65214.0,1500.0,107.6,19.3,7.0,1.94
Mercedes,2012,Petrol,Manual,First,145753.0,1200.0,94.7,21.7,5.0,3.71
Maruti,2024,Petrol,Manual,First,38521.0,1800.0,123.7,14.6,7.0,5.51
Mahindra,2017,Diesel,Automatic,Second,65810.0,2500.0,178.9,9.1,5.0,4.95
BMW,2017,,Automatic,First,96467.0,1500.0,115.2,18.5,5.0,8.11
Toyota,2012,Diesel,Manual,First,64368.0,1000.0,73.5,24.2,7.0,1.95
Hyundai,2013,Petrol,Manual,First,78071.0,1800.0,136.6,17.5,7.0,1.94
Hyundai,2019,Petrol,Automatic,First,46452.0,800.0,59.2,26.1,5.0,2.82
Maruti,2005,Petrol,Automatic,Second,106166.0,1800.0,132.1,19.1,5.0,0.79
Honda,2009,Diesel,Manual,First,134092.0,1000.0,70.0,21.8,5.0,1.24
Mercedes,2017,CNG,Manual,Third+,176627.0,1000.0,66.9,23.9,7.0,4.2
Mercedes,2018,,Manual,First,92954.0,1800.0,141.7,19.5,5.0,8.98
Maruti,2006,Petrol,Manual,First,280661.0,1800.0,142.7,16.6,5.0,0.82
Mahindra,2021,Petrol,Manual,Third+,83629.0,1500.0,104.9,18.2,5.0,3.88
Hyundai,2016,Petrol,Manual,First,50211.0,2000.0,141.5,,5.0,3.15
Audi,2009,Diesel,Automatic,Second,123253.0,2000.0,146.1,11.2,5.0,4.23
Maruti,2020,Petrol,Manual,First,80638.0,1200.0,90.9,,5.0,2.62
Audi,2025,Electric,Automatic,First,12600.0,3000.0,221.1,10.5,5.0,39.22
Tata,2013,Diesel,Automatic,First,186699.0,1200.0,91.9,20.8,5.0,1.72
Maruti,2010,Diesel,Automatic,First,301665.0,1000.0,73.8,22.4,5.0,0.91
Maruti,2011,Diesel,Manual,Second,65285.0,2000.0,147.5,15.4,5.0,1.54
Tata,2017,Petrol,Manual,First,83588.0,1200.0,103.4,16.9,5.0,2.9
Maruti,2005,Diesel,Manual,First,204767.0,2000.0,145.0,18.5,5.0,0.88
Honda,2015,Petrol,Manual,First,89792.0,,69.1,22.3,5.0,1.93
Audi,2005,Diesel,Manual,First,178289.0,1000.0,82.8,20.6,5.0,1.76
Toyota,2005,Diesel,Manual,First,186331.0,800.0,62.3,25.4,5.0,0.99
Hyundai,2014,Petrol,Manual,Third+,131698.0,1500.0,99.6,20.4,4.0,1.34
Honda,2020,Diesel,Manual,First,76762.0,2000.0,148.3,16.0,7.0,5.03
Maruti,2023,Petrol,Automatic,First,39370.0,1200.0,85.8,21.9,7.0,3.55
Mercedes,2006,Petrol,Automatic,First,221340.0,1000.0,74.2,19.7,5.0,2.56
Hyundai,2010,Diesel,Manual,First,250613.0,1200.0,82.5,20.4,5.0,1.23
Maruti,2013,Petrol,Automatic,First,115769.0,1200.0,93.4,22.8,5.0,1.44
Hyundai,2017,CNG,Manual,Second,53067.0,1500.0,117.0,,5.0,2.51
Mercedes,2025,Diesel,Manual,First,14451.0,1500.0,118.1,16.8,5.0,16.42
Maruti,2019,Diesel,Automatic,Second,88060.0,1000.0,71.8,21.9,7.0,2.67
BMW,2016,Petrol,Manual,First,159631.0,1200.0,82.5,20.7,5.0,5.0
Mahindra,2006,Petrol,Manual,First,361414.0,1500.0,113.2,19.8,7.0,0.93
Tata,2006,Electric,Manual,Second,248270.0,1200.0,99.4,18.0,5.0,0.9
Mercedes,2008,Petrol,Manual,Second,264871.0,1200.0,89.3,15.9,5.0,2.3
BMW,2018,Diesel,Manual,Third+,135767.0,1500.0,113.8,20.3,5.0,6.9
Audi,2011,Petrol,Manual,First,106058.0,1200.0,87.5,18.6,5.0,3.42
Maruti,2010,Petrol,Manual,Third+,164849.0,800.0,,21.9,7.0,0.6
Tata,2019,Diesel,Manual,Second,159687.0,1000.0,78.0,17.8,5.0,1.89
Toyota,2022,Diesel,Manual,Second,65966.0,1800.0,,18.6,5.0,5.71
Toyota,2014,Diesel,Manual,Second,164817.0,1200.0,91.3,21.1,7.0,2.48
BMW,2023,Diesel,Automatic,Third+,46241.0,2000.0,,16.1,5.0,15.95
Mercedes,2020,Petrol,Automatic,First,30833.0,1200.0,91.0,21.0,5.0,10.04
Mahindra,2020,Petrol,Manual,Second,53482.0,1200.0,92.2,16.8,4.0,3.94
Honda,2023,Petrol,Automatic,Second,20707.0,1800.0,128.2,15.0,5.0,6.41
Honda,2008,Diesel,Manual,Second,229885.0,1200.0,83.4,19.7,7.0,1.03
Hyundai,2020,Petrol,Manual,Second,48465.0,,88.6,19.2,4.0,2.83
Hyundai,2025,Diesel,Manual,First,16224.0,1000.0,74.0,21.3,5.0,5.21
Hyundai,2025,Petrol,Manual,First,11433.0,1500.0,108.0,19.1,5.0,4.6
Maruti,2017,Diesel,Automatic,First,46909.0,,90.3,22.3,5.0,3.16
Maruti,2020,Diesel,Automatic,Second,89415.0,2000.0,153.6,12.8,5.0,3.18
Tata,2023,Diesel,Manual,Second,10721.0,1200.0,96.0,20.5,5.0,4.57
Honda,2022,Petrol,Manual,Second,32530.0,1200.0,97.4,21.8,5.0,3.81
Audi,2023,Electric,Manual,Second,18495.0,1200.0,81.0,18.8,5.0,15.52
Toyota,2022,Petrol,Manual,First,23330.0,,67.1,21.4,4.0,4.69
Maruti,2013,Petrol,Manual,First,154423.0,2000.0,146.4,16.3,5.0,1.9
Maruti,2020,Petrol,Automatic,First,103484.0,1000.0,74.6,21.8,5.0,2.71
Maruti,2013,Petrol,Automatic,Second,50018.0,2000.0,146.7,16.7,5.0,2.15
Mercedes,2021,Diesel,Automatic,First,46414.0,800.0,55.9,23.2,5.0,11.06
Maruti,2022,Petrol,Manual,Second,13001.0,1500.0,109.3,18.1,5.0,4.15
Honda,2024,Petrol,Manual,Third+,18561.0,800.0,62.2,20.9,5.0,3.35
Audi,2017,Diesel,Manual,First,107667.0,1800.0,125.4,17.2,5.0,7.19
Mercedes,2014,Diesel,Automatic,Second,172285.0,1000.0,88.1,21.9,5.0,4.54
Maruti,2008,Diesel,Manual,First,19137.0,,111.2,16.8,5.0,1.4
Maruti,2018,Diesel,Manual,First,106488.0,2000.0,154.5,16.5,5.0,3.58
Maruti,2016,Petrol,Manual,First,62103.0,1500.0,107.6,20.9,5.0,2.02
Maruti,2015,Diesel,Automatic,First,50170.0,1000.0,77.5,20.6,5.0,2.69
Maruti,2019,Petrol,Automatic,First,78592.0,1800.0,133.9,15.4,7.0,3.63
Toyota,2022,Petrol,Automatic,First,56284.0,1200.0,94.0,19.1,5.0,5.96
Audi,2008,Petrol,Manual,First,194967.0,800.0,58.1,20.0,5.0,1.68
Honda,2014,Diesel,Automatic,First,67274.0,1500.0,120.4,22.2,5.0,3.44
Toyota,2020,Petrol,Manual,First,63716.0,2000.0,139.2,14.7,5.0,5.12
Maruti,2022,Diesel,Manual,First,36587.0,1200.0,94.6,19.0,5.0,3.46
Tata,2021,Petrol,Manual,Second,65717.0,1800.0,134.0,14.7,5.0,3.46
Toyota,2021,Petrol,Manual,First,81877.0,1800.0,127.2,16.1,5.0,6.14
BMW,2022,Petrol,Manual,First,70195.0,1200.0,100.6,19.2,5.0,10.31
Audi,2025,Petrol,Automatic,Third+,1599.0,1200.0,100.0,23.1,5.0,11.16
Hyundai,2017,Petrol,Manual,Second,145831.0,1800.0,120.9,14.5,7.0,2.13
Maruti,2010,Diesel,Manual,Second,108304.0,1200.0,89.9,17.7,5.0,1.22
Maruti,2016,Diesel,Automatic,Second,188475.0,1000.0,78.3,22.7,,1.63
Hyundai,2019,Petrol,Automatic,First,51596.0,1200.0,91.5,20.3,5.0,3.5
Audi,2007,Diesel,Manual,Second,38596.0,,157.2,15.1,7.0,3.94
Hyundai,2020,Petrol,Manual,First,111714.0,1200.0,96.7,21.5,7.0,1.98
Tata,2016,Petrol,Manual,First,80956.0,1200.0,90.5,20.7,5.0,2.36
Toyota,2024,Petrol,Manual,First,32313.0,1000.0,87.7,21.7,5.0,4.95
Maruti,2009,Petrol,Automatic,Second,109643.0,800.0,64.9,20.5,7.0,0.79
Hyundai,2024,Petrol,Manual,First,36433.0,3000.0,220.1,6.2,5.0,8.47
Mahindra,2014,Diesel,Manual,First,227223.0,1500.0,107.8,17.4,5.0,2.56
Mahindra,2017,Petrol,Manual,First,166727.0,1800.0,140.8,14.8,5.0,3.25
Hyundai,2018,Diesel,Manual,Second,96174.0,1800.0,128.6,17.2,5.0,3.18
Maruti,2017,Petrol,Manual,First,137165.0,1200.0,86.4,17.3,5.0,2.06
Mahindra,2023,Diesel,Automatic,First,41305.0,1800.0,131.9,15.9,5.0,9.53
Maruti,2008,Diesel,Manual,First,287128.0,2500.0,187.3,12.1,5.0,1.35
Audi,2020,Petrol,Automatic,Second,57223.0,1800.0,132.2,16.7,5.0,10.71
Maruti,2025,Petrol,Manual,First,20303.0,1800.0,125.4,17.5,5.0,5.12
Maruti,2009,Diesel,Automatic,Third+,145091.0,1200.0,95.9,19.9,5.0,0.91
Honda,2010,Electric,Manual,First,150443.0,2000.0,145.7,14.3,5.0,2.51
Honda,2014,Electric,Manual,First,118709.0,1000.0,86.2,24.0,4.0,2.48
Honda,2020,Petrol,Manual,First,66585.0,1800.0,,16.2,7.0,3.87
Hyundai,2025,Diesel,Manual,First,12379.0,1200.0,96.5,23.1,5.0,5.8
Mercedes,2021,Petrol,Automatic,First,60191.0,1500.0,114.9,18.0,5.0,11.21
Honda,2021,Petrol,Automatic,First,39514.0,2000.0,156.0,15.5,5.0,6.13
Honda,2014,Diesel,Manual,Second,167631.0,1500.0,114.5,18.4,5.0,1.99
Hyundai,2018,Diesel,Manual,First,147367.0,800.0,60.7,23.4,5.0,2.01
Maruti,2009,Diesel,Manual,First,188575.0,1800.0,139.9,16.0,5.0,1.33
Toyota,2014,Diesel,Manual,First,258127.0,2500.0,200.1,12.5,7.0,3.24
Maruti,2008,Petrol,Automatic,First,286673.0,1500.0,109.5,21.4,5.0,1.15
Toyota,2005,Diesel,Manual,First,433703.0,2000.0,152.9,17.4,5.0,0.9
Maruti,2022,Petrol,Automatic,First,44955.0,,148.1,17.4,5.0,5.28
Mercedes,2021,Petrol,Manual,First,9533.0,2000.0,151.2,13.1,,14.38
Honda,2015,Petrol,Automatic,First,87064.0,1200.0,,18.4,7.0,2.61
BMW,2005,CNG,Manual,Third+,175659.0,1200.0,75.9,20.9,5.0,1.25
Honda,2006,Petrol,Manual,Second,139928.0,2000.0,146.9,,5.0,0.96
Maruti,2007,Petrol,Automatic,Third+,16453.0,2000.0,154.1,14.6,5.0,1.14
Tata,2020,Diesel,Manual,First,89580.0,1000.0,69.5,20.5,5.0,2.49
Mahindra,2009,Electric,Manual,Second,48006.0,1000.0,79.6,24.3,5.0,1.68
Tata,2010,CNG,Manual,First,249941.0,1200.0,90.0,,7.0,0.86
Hyundai,2023,Diesel,Manual,First,59542.0,1800.0,132.2,18.7,4.0,5.28
Toyota,2023,Petrol,Automatic,Second,16316.0,2000.0,153.6,14.7,7.0,8.64
BMW,2021,Diesel,Automatic,First,62137.0,1500.0,115.2,17.7,4.0,12.27
Toyota,2011,Diesel,Manual,First,133026.0,1000.0,76.6,23.5,7.0,1.87
Hyundai,2017,Diesel,Automatic,Second,134485.0,1200.0,95.0,20.0,,2.29
Mahindra,2009,Diesel,Manual,First,90228.0,,149.4,14.4,5.0,2.0
Mahindra,2023,Petrol,Automatic,First,36085.0,1200.0,79.0,18.9,5.0,6.23
Mercedes,2006,Petrol,Manual,First,321969.0,1000.0,71.8,20.8,5.0,1.62
Hyundai,2020,Diesel,Manual,First,69701.0,1200.0,78.1,22.1,7.0,3.04
Hyundai,2015,Petrol,Manual,Third+,28266.0,2000.0,152.1,12.8,5.0,2.01
Tata,2020,Petrol,Manual,First,90734.0,1500.0,116.5,19.8,7.0,2.72
Honda,2014,Petrol,Automatic,First,68481.0,1000.0,79.7,20.5,7.0,2.28
Mahindra,2008,Diesel,Manual,First,200780.0,1200.0,91.8,20.1,5.0,0.9
Honda,2020,Diesel,Manual,Second,74399.0,2500.0,191.0,12.1,5.0,5.46
Maruti,2018,Diesel,Automatic,Second,91301.0,1200.0,79.4,20.1,5.0,2.7
Tata,2014,Diesel,Manual,First,270233.0,1200.0,88.2,20.0,5.0,1.72
Maruti,2012,Diesel,Manual,Third+,199440.0,1000.0,65.6,21.0,5.0,1.06
Maruti,2012,Diesel,Automatic,First,143592.0,1200.0,86.7,19.5,5.0,1.75
Toyota,2015,Petrol,Automatic,Second,152494.0,2000.0,,17.9,5.0,2.98
Tata,2010,Diesel,Manual,First,192517.0,1800.0,139.9,16.8,5.0,1.83
BMW,2010,Petrol,Automatic,First,185936.0,1200.0,92.9,20.3,5.0,3.11
Hyundai,2010,Petrol,Automatic,First,193482.0,2000.0,147.1,14.3,7.0,1.35
Maruti,2005,Petrol,Automatic,Third+,189761.0,1200.0,82.9,19.8,7.0,0.67
Mercedes,2024,Diesel,Manual,Second,27930.0,2000.0,149.3,14.3,5.0,18.49
Maruti,2009,Diesel,Automatic,First,151093.0,800.0,65.9,24.4,5.0,0.81
Maruti,2008,CNG,Automatic,First,39894.0,1200.0,91.3,19.1,5.0,0.99
Hyundai,2008,Electric,Manual,First,289896.0,2000.0,138.6,11.5,5.0,1.55
Honda,2025,CNG,Automatic,First,10647.0,2000.0,148.8,15.6,5.0,7.78
BMW,2015,Petrol,Automatic,First,125065.0,1800.0,121.9,16.2,5.0,6.84
Tata,2011,Diesel,Manual,First,110976.0,1500.0,115.9,17.6,5.0,2.0
Mahindra,2013,Diesel,Automatic,Second,93324.0,2000.0,144.0,,5.0,3.77
Maruti,2006,Diesel,Manual,First,112077.0,1800.0,126.0,11.8,5.0,1.08
Hyundai,2011,Petrol,Automatic,Second,227140.0,1200.0,93.8,23.3,5.0,1.11
Honda,2010,Petrol,Automatic,First,262296.0,1200.0,92.2,22.4,5.0,1.4
Maruti,2021,CNG,Manual,First,50106.0,1500.0,112.5,17.5,5.0,3.04
Hyundai,2006,Petrol,Manual,First,178590.0,1500.0,124.3,17.8,7.0,0.69
Hyundai,2013,Petrol,Manual,First,38722.0,2000.0,152.0,16.4,5.0,1.72
Maruti,2021,Petrol,Automatic,First,77460.0,1200.0,85.0,21.5,5.0,3.36
Toyota,2022,Petrol,Manual,Second,33915.0,1000.0,77.2,20.6,5.0,4.36
Mahindra,2015,Petrol,Automatic,First,76577.0,1000.0,72.4,18.8,5.0,2.56
Maruti,2009,Electric,Manual,First,191938.0,2000.0,155.7,19.3,5.0,1.81
Honda,2012,Diesel,Manual,Second,125719.0,800.0,60.9,24.7,5.0,1.37
Tata,2009,CNG,Automatic,First,76141.0,2000.0,150.4,15.8,5.0,1.97
Tata,2018,Petrol,Manual,First,46782.0,800.0,50.6,23.3,5.0,2.11
Tata,2011,Petrol,Manual,Second,178856.0,1200.0,89.3,21.6,5.0,1.06
Honda,2018,Petrol,Manual,First,67591.0,2000.0,147.8,,5.0,3.81
Tata,2018,Petrol,Manual,First,110671.0,1200.0,82.7,16.7,5.0,2.29
Hyundai,2024,Petrol,Manual,Second,400590.0,2000.0,146.8,14.9,7.0,4.47
Hyundai,2012,Diesel,Manual,Third+,207885.0,1000.0,76.7,20.9,5.0,1.05
Maruti,2025,Electric,Manual,First,5776.0,1500.0,111.1,18.3,7.0,7.11
Honda,2013,Diesel,Manual,First,153709.0,1500.0,102.6,20.0,5.0,2.0
Hyundai,2019,Petrol,Manual,Second,104755.0,2000.0,146.5,12.3,5.0,2.85
Hyundai,2018,Petrol,Manual,First,65013.0,1000.0,71.3,19.3,7.0,1.99
Tata,2022,Petrol,Manual,First,62228.0,1200.0,90.0,19.3,5.0,3.53
Hyundai,2014,Petrol,Automatic,First,39088.0,1500.0,111.6,18.9,5.0,2.62
Hyundai,2021,Diesel,Manual,Second,37888.0,3000.0,219.8,10.7,7.0,5.16
Maruti,2012,Petrol,Manual,First,46952.0,2000.0,145.4,18.4,,2.06
Hyundai,2015,Diesel,Manual,First,80624.0,2000.0,148.6,15.0,7.0,2.73
Hyundai,2015,Diesel,Automatic,First,114668.0,1500.0,116.9,20.1,5.0,2.32
Hyundai,2019,Petrol,Automatic,First,100406.0,1500.0,112.8,19.9,5.0,3.98
Maruti,2017,Petrol,Automatic,Third+,79749.0,2000.0,156.7,16.5,5.0,2.47
Tata,2006,Petrol,Automatic,First,169756.0,2000.0,154.9,15.5,5.0,1.32
Audi,2021,Petrol,Manual,First,23008.0,2000.0,157.1,14.8,7.0,13.56
Honda,2020,Diesel,Automatic,Second,34216.0,2000.0,156.4,13.6,5.0,5.05
Mahindra,2007,Diesel,Manual,First,233310.0,2000.0,157.5,13.5,5.0,1.34
BMW,2025,CNG,Automatic,First,14606.0,1000.0,67.2,22.4,7.0,15.55
Mercedes,2018,Diesel,Automatic,First,77004.0,1200.0,92.8,20.4,7.0,11.79
Toyota,2006,Petrol,Automatic,Second,325832.0,3000.0,229.5,8.5,4.0,1.42
BMW,2015,Petrol,Manual,Second,78277.0,1500.0,119.5,19.8,5.0,5.01
Audi,2022,Petrol,Automatic,Second,29596.0,1000.0,69.4,21.4,7.0,11.22
Tata,2010,Petrol,Manual,First,154798.0,1500.0,115.1,17.0,5.0,1.18
Honda,2024,Diesel,Manual,First,35894.0,1500.0,111.6,18.1,5.0,6.61
Maruti,2013,Petrol,Manual,First,155832.0,2000.0,159.2,17.0,5.0,1.64
Maruti,2009,Petrol,Manual,Third+,44825.0,2000.0,139.8,13.7,4.0,1.13
Honda,2012,Petrol,Automatic,First,209905.0,800.0,54.6,23.4,7.0,1.2
Honda,2016,Petrol,Manual,First,186094.0,1200.0,78.0,20.4,5.0,1.96
Hyundai,2019,CNG,Manual,Second,66299.0,800.0,60.1,21.6,5.0,1.72
Toyota,2024,Petrol,Manual,First,15203.0,2000.0,161.7,15.0,,8.66
Toyota,2009,Petrol,Automatic,First,244126.0,1000.0,73.8,18.9,5.0,1.3
Tata,2025,Petrol,Automatic,First,17625.0,1500.0,111.7,18.8,5.0,7.16
Maruti,2016,Diesel,Automatic,First,151247.0,1500.0,114.4,16.2,7.0,2.31
Maruti,2007,Diesel,Manual,Third+,69719.0,1500.0,110.4,20.6,5.0,0.83
Tata,2024,Diesel,Automatic,First,29168.0,1500.0,113.3,18.5,5.0,7.06
BMW,2012,Petrol,Automatic,Third+,171935.0,1800.0,135.7,15.7,5.0,4.39
Mercedes,2018,Petrol,Manual,First,53133.0,,106.0,20.7,4.0,7.54
BMW,2019,Diesel,Manual,First,117741.0,1000.0,73.5,19.9,5.0,7.41
BMW,2005,Petrol,Manual,Second,271606.0,1200.0,93.3,19.2,5.0,1.38
Hyundai,2009,Petrol,Manual,Second,288358.0,1500.0,116.7,15.3,4.0,0.91
Hyundai,2019,Diesel,Manual,First,42018.0,1200.0,96.7,22.9,5.0,3.84
Hyundai,2011,Petrol,Manual,Second,189637.0,1800.0,135.3,20.1,5.0,0.97
Toyota,2005,Petrol,Manual,Second,141215.0,,91.0,17.5,5.0,0.83
Audi,2005,Diesel,Manual,Second,259277.0,2000.0,152.6,14.0,7.0,2.24
Hyundai,2022,Petrol,Manual,First,64457.0,1000.0,70.5,21.9,7.0,3.21
Toyota,2008,Petrol,Automatic,First,83250.0,1800.0,129.5,15.8,5.0,2.29
Hyundai,2007,Petrol,Manual,First,101016.0,1000.0,73.3,21.7,5.0,0.85
Maruti,2016,Diesel,Manual,First,158504.0,1500.0,103.5,18.4,5.0,1.99
Maruti,2007,Petrol,Automatic,First,210339.0,1200.0,91.3,21.2,5.0,0.76
Maruti,2018,Petrol,Manual,First,131414.0,1500.0,117.4,16.9,5.0,2.06
Audi,2016,Diesel,Manual,First,73033.0,1000.0,69.8,22.1,5.0,5.34
Hyundai,2018,Diesel,Manual,First,85336.0,1800.0,135.9,14.7,4.0,3.23
Tata,2015,Electric,Manual,First,153793.0,1500.0,107.3,17.9,5.0,2.9
Mahindra,2021,Petrol,Manual,First,62604.0,2500.0,179.1,9.2,5.0,6.02
Maruti,2018,Petrol,Manual,First,25554.0,1800.0,145.7,16.0,5.0,2.82
Maruti,2013,Diesel,Manual,First,312066.0,1500.0,105.1,17.6,5.0,1.16
Tata,2005,Diesel,Manual,Second,257163.0,2000.0,140.5,17.2,5.0,0.76
Hyundai,2010,Petrol,Automatic,First,78698.0,1000.0,75.4,21.6,5.0,1.26
Audi,2007,Diesel,Manual,First,236823.0,1500.0,112.7,18.8,7.0,2.41
Maruti,2005,Petrol,Manual,First,262059.0,1200.0,92.9,20.5,5.0,0.59
Mahindra,2010,,Manual,First,258843.0,,145.3,12.9,5.0,1.9
Tata,2009,Diesel,Automatic,First,255857.0,800.0,54.6,19.4,7.0,0.82
Maruti,2006,Petrol,Automatic,First,204012.0,,85.4,19.9,5.0,0.87
Hyundai,2011,Electric,Automatic,First,46687.0,1500.0,120.8,19.1,5.0,2.97
Mercedes,2015,Electric,Manual,Second,141649.0,1200.0,94.5,20.1,5.0,6.77
Hyundai,2008,Petrol,Manual,First,63779.0,,93.7,18.9,5.0,1.26
Hyundai,2010,Petrol,Automatic,First,257272.0,1200.0,85.3,,5.0,1.1
Hyundai,2005,Diesel,Manual,First,149353.0,2000.0,154.9,14.9,5.0,1.13
Hyundai,2006,Petrol,Automatic,First,282945.0,1000.0,78.9,23.2,7.0,0.7
Tata,2008,Petrol,Manual,First,147579.0,1200.0,90.0,21.8,5.0,0.95
Tata,2014,Petrol,Manual,Second,100851.0,3000.0,218.7,8.3,5.0,2.59
Hyundai,2018,CNG,Manual,First,61425.0,2000.0,148.8,15.4,5.0,3.2
Tata,2021,Petrol,Manual,First,75232.0,800.0,69.2,23.5,5.0,2.68
Maruti,2018,Diesel,Automatic,First,62166.0,1500.0,104.5,19.4,5.0,3.18
Maruti,2017,Petrol,Manual,First,132185.0,800.0,54.5,26.0,5.0,1.41
Toyota,2024,Petrol,Manual,Second,21677.0,2500.0,181.4,12.3,5.0,7.46
Mercedes,2010,Diesel,Manual,First,152146.0,1200.0,86.4,22.6,5.0,3.62
Maruti,2021,Petrol,Automatic,First,58467.0,1200.0,88.8,18.4,5.0,3.86
Maruti,2024,Petrol,Manual,First,25206.0,1200.0,94.6,19.4,7.0,3.84
Honda,2016,Petrol,Automatic,Second,77813.0,1500.0,113.9,14.8,5.0,3.01
Tata,2022,Diesel,Automatic,First,59454.0,1000.0,74.4,22.0,4.0,4.39
Maruti,2007,Petrol,Manual,Third+,183746.0,1800.0,135.0,17.9,5.0,0.67
Hyundai,2023,Petrol,Automatic,Third+,38867.0,1500.0,114.9,14.0,7.0,4.64
Tata,2016,Petrol,Automatic,Second,119387.0,1500.0,101.0,19.0,5.0,2.47
Hyundai,2009,Petrol,Manual,First,230089.0,2000.0,154.6,16.6,5.0,1.21
Maruti,2006,Petrol,Manual,Second,185910.0,1000.0,69.1,22.7,7.0,0.54
Maruti,2020,Diesel,Manual,First,43489.0,1000.0,71.4,19.6,5.0,2.84
Hyundai,2014,Petrol,Manual,Second,160457.0,1200.0,90.9,21.9,5.0,1.17
Honda,2011,Petrol,Manual,First,137326.0,1800.0,132.9,16.8,5.0,1.65
BMW,2013,Diesel,Automatic,First,228226.0,800.0,62.2,24.1,5.0,3.98
Mahindra,2025,Diesel,Manual,First,9271.0,1800.0,134.2,16.5,5.0,7.44
Mahindra,2013,Petrol,Manual,Second,60490.0,1500.0,109.4,19.3,7.0,1.92
Mercedes,2006,Petrol,Manual,Second,158672.0,1500.0,120.3,,5.0,2.26
Hyundai,2010,Petrol,Automatic,First,104553.0,1500.0,115.4,18.3,5.0,2.14
Hyundai,2008,CNG,Manual,First,285308.0,800.0,61.1,23.5,5.0,0.62
Audi,2019,Petrol,Manual,Second,97286.0,1200.0,93.0,22.7,5.0,6.93
Hyundai,2021,Petrol,Manual,Second,44452.0,1800.0,129.1,,5.0,3.41
Mahindra,2022,Petrol,Manual,Second,50253.0,1200.0,101.9,18.5,7.0,4.13
Tata,2018,Petrol,Manual,First,86507.0,,104.6,19.8,5.0,2.31
Maruti,2021,Petrol,Automatic,First,76332.0,2500.0,185.9,15.0,7.0,4.92
Honda,2013,Petrol,Manual,Second,168460.0,800.0,57.5,,5.0,1.2
Maruti,2018,Diesel,Automatic,First,115183.0,1200.0,86.9,21.8,5.0,2.41
Maruti,2007,Diesel,Manual,First,191704.0,1200.0,86.2,16.3,5.0,0.85
Honda,2016,Diesel,Automatic,First,85902.0,1000.0,69.4,,5.0,2.97
Hyundai,2016,Diesel,Manual,First,135054.0,2500.0,192.3,11.3,5.0,3.02
Tata,2005,Petrol,Manual,Second,383353.0,2500.0,178.0,12.5,5.0,0.62
Audi,2016,CNG,Manual,First,167320.0,1200.0,94.8,23.5,5.0,4.34
Tata,2020,Diesel,Manual,First,109285.0,2500.0,189.1,10.4,5.0,4.52
Hyundai,2012,Diesel,Manual,First,166226.0,800.0,57.0,27.0,5.0,1.12
Hyundai,2016,Diesel,Manual,Second,70270.0,3000.0,225.4,8.6,7.0,3.62
Hyundai,2011,Petrol,Manual,Second,100391.0,2000.0,147.2,14.1,5.0,1.45
Maruti,2010,Petrol,Automatic,First,272898.0,1000.0,67.5,23.3,5.0,1.05
Audi,2007,Petrol,Manual,Second,50725.0,1500.0,104.6,20.3,5.0,3.19
Hyundai,2011,Petrol,Automatic,First,276706.0,1800.0,137.3,17.9,5.0,1.52
Maruti,2021,Petrol,Manual,Second,31298.0,1200.0,92.5,19.1,5.0,2.62
BMW,2024,Petrol,Manual,Second,47499.0,1200.0,90.3,21.4,5.0,10.08
Hyundai,2018,Petrol,Manual,First,84492.0,1500.0,108.8,16.8,5.0,2.86
Maruti,2018,CNG,Manual,Third+,113840.0,1000.0,72.9,20.3,5.0,1.44
Maruti,2017,Diesel,Manual,First,201685.0,1000.0,72.1,21.6,7.0,1.68
Toyota,2014,Diesel,Automatic,First,124279.0,1200.0,78.4,19.0,5.0,2.81
Tata,2013,Petrol,Automatic,First,998552.0,1800.0,133.7,18.6,5.0,2.3
Maruti,2018,Diesel,Manual,Second,68810.0,1200.0,92.0,19.5,5.0,2.24
Audi,2021,CNG,Manual,First,27858.0,1500.0,111.5,18.2,5.0,9.43
BMW,2013,Diesel,Manual,First,121058.0,1000.0,84.7,,5.0,4.34
BMW,2016,Diesel,Manual,First,78270.0,1000.0,68.0,23.6,4.0,5.56
Maruti,2014,Petrol,Manual,Third+,61908.0,1500.0,107.1,,5.0,1.29
Maruti,2010,Petrol,Manual,First,163672.0,1000.0,74.9,23.8,5.0,0.89
BMW,2011,,Manual,First,196421.0,1500.0,112.6,20.5,5.0,3.8
Hyundai,2006,Electric,Manual,First,148004.0,1200.0,77.5,19.7,7.0,1.08
Toyota,2014,Petrol,Automatic,Second,133501.0,1500.0,114.7,18.7,7.0,2.84
Tata,2019,Petrol,Manual,First,120622.0,1200.0,90.4,19.6,5.0,2.42
Maruti,2019,Petrol,Manual,First,28886.0,2000.0,135.4,16.5,5.0,4.16
Tata,2025,Petrol,Automatic,Third+,25493.0,800.0,58.6,22.6,7.0,3.71
Audi,2005,Electric,Automatic,First,173626.0,2000.0,143.3,14.7,5.0,3.98
Mahindra,2020,Diesel,Manual,First,73631.0,1200.0,86.2,20.6,5.0,4.64
Honda,2021,Petrol,Manual,Second,87309.0,800.0,51.2,20.2,5.0,2.37
BMW,2014,Petrol,Automatic,First,220300.0,1500.0,113.6,18.5,7.0,6.43
Honda,2010,Petrol,Manual,First,204883.0,1000.0,84.6,22.9,5.0,1.1
Tata,2012,Petrol,Manual,First,104153.0,1200.0,90.5,20.7,5.0,1.5
Tata,2019,Diesel,Manual,Second,52087.0,2000.0,135.2,17.2,5.0,3.67
Tata,2023,Diesel,Manual,Third+,24234.0,1800.0,135.0,16.1,5.0,4.49
Hyundai,2018,Diesel,Automatic,First,157398.0,1500.0,109.9,17.8,5.0,3.19
Maruti,2015,Petrol,Automatic,First,101378.0,3000.0,215.6,7.2,5.0,2.96
Maruti,2018,Diesel,Automatic,First,91134.0,1200.0,91.0,19.8,,2.98
Honda,2006,Diesel,Automatic,First,115501.0,800.0,64.5,26.5,5.0,1.13
Honda,2017,Petrol,Manual,First,55855.0,2000.0,144.1,16.0,5.0,3.18
Toyota,2005,Diesel,Automatic,First,230180.0,,64.2,20.7,5.0,1.22
Hyundai,2025,Diesel,Automatic,First,8378.0,1000.0,62.0,19.9,5.0,6.33
Tata,2023,Diesel,Manual,Second,26812.0,800.0,55.3,20.1,7.0,3.09
Audi,2015,Petrol,Manual,First,43221.0,1200.0,88.0,19.0,5.0,5.21
Hyundai,2012,Petrol,Manual,First,144671.0,1200.0,85.8,21.9,5.0,1.61
Mahindra,2020,Petrol,Manual,First,112929.0,1200.0,84.8,19.7,5.0,3.81
Mahindra,2018,Petrol,Manual,First,56095.0,1500.0,114.5,16.9,7.0,4.05
Honda,2019,Petrol,Manual,First,108443.0,1800.0,136.1,15.2,7.0,3.6
Maruti,2015,Diesel,Manual,First,500.0,2500.0,186.4,13.5,5.0,3.44
Tata,2009,Petrol,Manual,First,127203.0,1000.0,79.0,21.6,5.0,1.0
Mercedes,2006,Petrol,Manual,First,52075.0,1000.0,70.1,20.6,5.0,2.47
Mahindra,2010,Electric,Manual,Second,265078.0,1500.0,104.5,18.1,5.0,1.71
Audi,2016,Diesel,Manual,Second,156364.0,1000.0,70.9,25.7,5.0,4.97
Mercedes,2013,Petrol,Automatic,Second,86609.0,1200.0,85.3,22.7,7.0,5.83
Hyundai,2015,Diesel,Manual,First,1541111.0,1500.0,98.8,21.3,5.0,2.15
Toyota,2010,Petrol,Manual,Second,257830.0,1800.0,130.1,13.6,7.0,1.24
Honda,2024,Petrol,Manual,First,35531.0,1000.0,80.7,21.5,4.0,5.39
Mercedes,2012,Diesel,Automatic,First,119260.0,1500.0,115.9,17.5,7.0,7.37
Maruti,2022,Petrol,Manual,First,11246.0,1500.0,114.3,19.6,7.0,4.07
Hyundai,2013,Petrol,Manual,First,87319.0,2000.0,148.9,17.4,5.0,2.52
BMW,2014,Petrol,Manual,First,170948.0,1200.0,97.6,21.1,5.0,4.41
Hyundai,2017,Diesel,Automatic,First,177168.0,1800.0,127.0,15.2,5.0,2.94
Tata,2010,Petrol,Automatic,Second,171907.0,1800.0,127.5,15.6,7.0,1.23
Hyundai,2009,Diesel,Manual,First,139237.0,1200.0,95.6,21.6,5.0,1.03
Mercedes,2012,Petrol,Manual,Second,314273.0,1500.0,111.3,19.9,5.0,3.08
BMW,2021,Diesel,Manual,Second,68425.0,,107.1,18.9,5.0,9.64
Hyundai,2008,Petrol,Manual,First,95978.0,1200.0,92.2,,5.0,0.97
Tata,2014,Petrol,Automatic,First,117248.0,1200.0,86.3,20.6,5.0,1.93
Hyundai,2019,Diesel,Automatic,First,97079.0,1200.0,83.9,21.0,5.0,3.76
Toyota,2019,Diesel,Automatic,First,69652.0,1800.0,128.1,18.0,7.0,5.75
Mahindra,2014,Petrol,Automatic,Third+,168239.0,800.0,61.2,24.1,5.0,1.28
Tata,2006,Petrol,Manual,Second,77292.0,1500.0,112.3,18.7,7.0,0.85
Maruti,2005,Petrol,Automatic,Second,94746.0,1000.0,83.2,21.7,5.0,0.74
Maruti,2014,Petrol,Manual,First,92404.0,1500.0,109.4,18.5,7.0,1.74
Mahindra,2022,Diesel,Manual,Second,34176.0,1800.0,131.5,15.3,5.0,5.88
Toyota,2005,Petrol,Automatic,Second,263318.0,1500.0,119.7,17.2,5.0,1.14
Honda,2023,Diesel,Manual,First,34494.0,1500.0,117.0,19.6,7.0,7.82
Maruti,2019,Petrol,Automatic,First,154241.0,1200.0,89.8,19.2,5.0,2.71
Hyundai,2005,Petrol,Automatic,First,165358.0,1200.0,79.5,22.0,4.0,0.89
BMW,2012,Petrol,Automatic,First,132392.0,1800.0,128.5,16.7,5.0,5.01
Maruti,2009,Petrol,Automatic,Second,134853.0,1000.0,67.7,23.2,5.0,0.92
Hyundai,2024,Petrol,Manual,First,21830.0,1800.0,133.6,,5.0,5.64
Audi,2016,CNG,Manual,First,150742.0,1500.0,108.1,20.1,5.0,5.91
Maruti,2011,Petrol,Automatic,Third+,136420.0,2000.0,157.8,14.6,7.0,1.28
Tata,2010,Diesel,Manual,First,329969.0,,79.5,21.2,5.0,0.97
Hyundai,2016,Petrol,Automatic,First,76908.0,1500.0,104.1,20.0,5.0,2.96
BMW,2005,Petrol,Manual,Second,339053.0,800.0,60.7,20.2,5.0,1.31
Tata,2010,Petrol,Manual,Second,273509.0,2000.0,151.3,18.6,5.0,1.26
BMW,2008,Petrol,Manual,Second,84312.0,1500.0,95.6,22.7,5.0,3.31
Maruti,2018,Diesel,Automatic,First,109495.0,1500.0,100.7,20.3,7.0,3.4
Honda,2019,Diesel,Automatic,Third+,500.0,1800.0,,18.2,5.0,4.19
Tata,2014,Diesel,Automatic,Second,173588.0,1200.0,97.0,21.6,5.0,1.9
Hyundai,2007,Diesel,Manual,Second,109516.0,1500.0,122.4,18.0,5.0,0.95
Maruti,2012,Petrol,Manual,First,192852.0,2000.0,145.7,15.3,5.0,1.45
Maruti,2022,Petrol,Manual,First,58256.0,1000.0,73.1,23.5,5.0,3.48
Mercedes,2009,Diesel,Manual,Second,270967.0,2500.0,180.2,10.6,5.0,3.99
Mahindra,2008,Petrol,Manual,Second,272602.0,2000.0,151.9,,5.0,1.17
Toyota,2007,Petrol,Manual,First,213097.0,2500.0,194.4,11.7,5.0,1.65
Tata,2022,CNG,Manual,First,36453.0,2000.0,155.7,16.7,5.0,4.61
Honda,2007,Electric,Manual,Second,201757.0,1200.0,88.7,18.9,5.0,0.95
Honda,2017,Diesel,Manual,First,49697.0,1500.0,106.1,18.2,5.0,3.04
Honda,2025,Petrol,Automatic,First,5434.0,1000.0,74.1,21.6,5.0,6.54
Mahindra,2018,Diesel,Manual,First,74906.0,1800.0,141.6,14.9,5.0,3.96
Maruti,2013,Petrol,Manual,First,97050.0,1000.0,71.7,17.4,4.0,1.26
BMW,2009,Petrol,Automatic,Second,44442.0,2000.0,137.3,13.7,5.0,4.12
Tata,2005,Petrol,Automatic,First,115053.0,1200.0,86.7,21.0,5.0,0.85
Hyundai,2008,CNG,Automatic,First,500.0,1000.0,72.4,22.6,5.0,1.21
Toyota,2025,CNG,Manual,Second,4289.0,800.0,48.3,,4.0,4.97
Maruti,2008,Diesel,Manual,Second,235283.0,1800.0,134.7,17.8,7.0,1.03
Mercedes,2005,Petrol,Automatic,First,500.0,1000.0,77.1,20.6,5.0,2.74
Audi,2022,Petrol,Manual,First,41585.0,1000.0,85.2,20.2,5.0,9.25
Audi,2013,Petrol,Manual,Second,143694.0,1000.0,66.1,22.4,5.0,2.72
Hyundai,2012,CNG,Automatic,First,86639.0,1200.0,93.3,20.1,4.0,1.65
Maruti,2020,Petrol,Manual,First,49814.0,2500.0,191.0,14.0,5.0,4.53
Maruti,2015,Petrol,Automatic,First,171400.0,1500.0,114.2,19.3,5.0,1.98
Maruti,2024,Diesel,Automatic,First,10944.0,1200.0,82.8,22.8,7.0,6.19
Maruti,2014,Petrol,Manual,Second,126811.0,1000.0,67.7,20.9,4.0,1.27
Maruti,2019,Diesel,Automatic,First,89541.0,800.0,59.8,24.9,5.0,2.58
Mercedes,2023,Petrol,Manual,First,26126.0,1200.0,89.4,24.2,5.0,11.98
Maruti,2014,Diesel,Automatic,First,189731.0,1000.0,70.7,21.8,5.0,1.51
Maruti,2010,Petrol,Automatic,First,205240.0,800.0,,23.9,5.0,0.76
Tata,2025,Petrol,Automatic,First,14577.0,1000.0,,20.1,5.0,4.63
Toyota,2009,Petrol,Manual,Second,362111.0,1200.0,77.5,22.1,5.0,0.97
Tata,2005,Petrol,Automatic,First,335780.0,1800.0,132.0,18.8,7.0,0.94
Toyota,2017,Diesel,Automatic,First,26850.0,800.0,62.1,22.1,7.0,3.15
BMW,2025,Petrol,Manual,First,5944.0,1500.0,113.2,19.7,5.0,15.95
Toyota,2006,Petrol,Manual,Second,439122.0,1500.0,113.1,19.1,,0.59
Honda,2022,Diesel,Manual,First,23080.0,2000.0,157.1,16.2,,5.85
Mahindra,2022,Petrol,Automatic,Third+,44230.0,1000.0,67.4,23.2,5.0,3.81
Honda,2024,Diesel,Manual,Second,31922.0,1800.0,130.8,17.7,5.0,5.94
Hyundai,2013,Diesel,Manual,First,181809.0,2000.0,157.4,15.2,5.0,1.69
Honda,2010,Petrol,Automatic,Second,229252.0,3000.0,210.4,10.7,7.0,2.33
Maruti,2015,Diesel,Automatic,First,158344.0,2000.0,147.8,17.5,5.0,2.65
Tata,2007,Petrol,Automatic,Third+,205719.0,1000.0,81.4,20.8,5.0,0.58
Hyundai,2022,Petrol,Manual,Third+,33401.0,2500.0,192.5,12.4,7.0,4.29
Maruti,2018,Petrol,Manual,First,107252.0,2000.0,152.1,12.3,7.0,2.79
Hyundai,2015,Diesel,Manual,First,101034.0,1000.0,78.2,22.8,7.0,1.95
BMW,2015,Diesel,Manual,First,93925.0,1000.0,67.8,24.0,5.0,5.12
Hyundai,2019,Diesel,Automatic,First,125254.0,2500.0,193.4,11.9,5.0,5.11
Mahindra,2015,Electric,Manual,Second,97702.0,1000.0,,22.0,5.0,2.95
BMW,2022,Petrol,Manual,Third+,74883.0,1800.0,126.5,16.4,5.0,8.13
Maruti,2024,CNG,Manual,First,23552.0,1200.0,91.2,19.8,5.0,3.57
Tata,2024,Diesel,Manual,Second,33717.0,1800.0,130.4,17.2,5.0,5.9
Hyundai,2018,CNG,Automatic,Second,16433.0,1000.0,75.3,20.3,7.0,2.29
Maruti,2020,CNG,Automatic,First,109900.0,1800.0,135.9,16.3,7.0,3.49
Mahindra,2011,Electric,Manual,First,161409.0,1500.0,121.8,17.0,5.0,2.34
Audi,2005,Petrol,Manual,Second,7834.0,2000.0,150.8,16.6,5.0,2.75
Hyundai,2013,Diesel,Manual,Second,197148.0,1000.0,70.4,22.2,5.0,1.14
Toyota,2023,Diesel,Manual,Third+,25834.0,1000.0,78.1,,5.0,3.75
Hyundai,2007,,Automatic,First,124849.0,1000.0,69.1,21.8,5.0,1.13
Toyota,2016,Petrol,Automatic,First,146579.0,800.0,64.7,22.6,7.0,2.66
Toyota,2009,,Manual,First,500.0,3000.0,222.6,11.3,5.0,4.12
Toyota,2014,,Automatic,First,93196.0,1000.0,76.5,21.0,5.0,2.72
Toyota,2008,Petrol,Manual,First,179126.0,1000.0,63.4,22.9,5.0,1.05
Maruti,2020,Diesel,Manual,Second,89211.0,2000.0,134.6,14.2,5.0,3.2
Mahindra,2022,Petrol,Manual,First,88967.0,1200.0,79.9,22.0,,4.45
Mahindra,2020,Diesel,Manual,Second,57881.0,1000.0,,23.6,5.0,3.51
Mahindra,2019,Petrol,Manual,First,99461.0,1500.0,104.2,20.6,5.0,3.64
Maruti,2009,Diesel,Automatic,First,399607.0,1200.0,93.3,23.1,5.0,0.89
Honda,2016,Diesel,Automatic,Second,106314.0,2000.0,144.3,16.0,5.0,3.11
Hyundai,2007,Petrol,Manual,Second,252127.0,1500.0,109.7,20.9,5.0,0.72
Maruti,2012,Diesel,Manual,First,609456.0,1200.0,88.6,,7.0,1.65
Maruti,2015,Petrol,Manual,Second,216966.0,1500.0,121.0,16.6,7.0,1.52
Honda,2019,Diesel,Manual,First,55021.0,2000.0,151.7,14.4,7.0,5.17
Tata,2007,CNG,Manual,First,235719.0,1200.0,,17.8,7.0,0.8
Maruti,2022,Petrol,Manual,First,37737.0,1800.0,141.1,18.7,7.0,4.0
Tata,2014,Diesel,Manual,Second,134854.0,1200.0,85.1,17.8,7.0,1.34
Toyota,2023,Diesel,Automatic,First,30550.0,1500.0,117.5,15.4,5.0,7.99
Tata,2016,Diesel,Automatic,Second,122101.0,1800.0,138.7,14.8,5.0,3.02
Honda,2016,Diesel,Manual,First,183449.0,800.0,,19.9,5.0,1.98
Honda,2019,Petrol,Automatic,First,137011.0,1200.0,88.0,21.0,7.0,3.16
Toyota,2022,Diesel,Manual,Second,49352.0,1000.0,71.5,19.8,7.0,3.96
Audi,2008,Petrol,Automatic,First,160658.0,1800.0,128.1,13.7,5.0,3.4
Honda,2015,Petrol,Manual,First,88536.0,1500.0,106.3,18.5,7.0,2.32
Honda,2005,Diesel,Manual,First,488815.0,1200.0,83.4,20.5,5.0,0.46
Toyota,2014,Petrol,Automatic,First,134989.0,800.0,61.5,19.6,5.0,1.95
Mahindra,2022,Diesel,Manual,First,51564.0,2500.0,183.8,11.1,4.0,7.62
Maruti,2023,Petrol,Manual,First,40094.0,1200.0,91.5,20.4,5.0,3.57
Honda,2010,Diesel,Manual,First,334819.0,1200.0,91.8,19.9,4.0,1.05
Honda,2013,Diesel,Manual,First,130763.0,1000.0,67.7,21.2,5.0,1.62
Audi,2016,Petrol,Manual,First,54628.0,1500.0,104.6,20.7,5.0,6.23
Honda,2013,Petrol,Manual,First,252668.0,1200.0,87.5,24.4,4.0,1.34
Honda,2008,Petrol,Manual,First,272056.0,2000.0,143.5,14.9,7.0,1.28
Mercedes,2011,CNG,Manual,First,200729.0,1800.0,128.1,14.4,5.0,4.02
Honda,2013,Diesel,Manual,Second,231275.0,800.0,69.4,22.6,5.0,1.59
Maruti,2015,Petrol,Manual,First,148624.0,,,19.0,5.0,1.69
Maruti,2024,Diesel,Automatic,First,37571.0,1200.0,101.0,20.4,7.0,5.44
Maruti,2016,Petrol,Automatic,First,125475.0,800.0,61.0,24.1,5.0,1.6
Maruti,2013,Petrol,Manual,First,191664.0,1500.0,117.0,22.6,5.0,1.33
Hyundai,2018,Petrol,Manual,First,91596.0,1000.0,79.3,18.7,5.0,2.56
Tata,2021,Petrol,Manual,Second,46497.0,2000.0,151.8,14.6,5.0,4.31
Mahindra,2014,Diesel,Manual,First,119754.0,1500.0,121.1,21.4,5.0,2.19
Maruti,2015,Diesel,Manual,First,95766.0,1000.0,67.6,20.8,5.0,1.53
Toyota,2009,CNG,Manual,Third+,199769.0,3000.0,221.3,10.7,7.0,1.52
Maruti,2023,CNG,Automatic,First,23973.0,1500.0,,19.8,5.0,4.45
Audi,2023,Petrol,Manual,Second,38310.0,1000.0,63.9,24.0,7.0,7.43
Maruti,2008,Petrol,Manual,Second,231031.0,1500.0,107.1,22.1,5.0,0.76
Toyota,2012,Diesel,Manual,First,155498.0,2500.0,196.4,13.0,5.0,2.47
Hyundai,2010,CNG,Manual,First,183254.0,1200.0,87.8,17.4,5.0,1.02
Mahindra,2024,Diesel,Automatic,First,22552.0,1200.0,100.8,19.2,5.0,7.96
Hyundai,2006,Petrol,Automatic,Third+,193674.0,1200.0,101.4,24.4,5.0,0.73
Tata,2009,Diesel,Manual,First,59186.0,1200.0,106.9,18.0,7.0,1.31
Maruti,2011,Diesel,Automatic,Second,150243.0,1000.0,85.5,22.6,5.0,1.34
Audi,2016,CNG,Manual,First,65616.0,1500.0,125.3,14.1,7.0,6.37
Honda,2010,Diesel,Manual,First,181311.0,2000.0,150.1,13.1,5.0,1.98
Tata,2016,Petrol,Automatic,First,74755.0,1800.0,134.7,18.3,5.0,2.87
BMW,2020,Petrol,Automatic,First,3323.0,1000.0,75.8,21.8,5.0,11.43
Mercedes,2022,Petrol,Manual,First,80202.0,1200.0,88.9,19.8,5.0,10.38
Maruti,2007,Petrol,Automatic,Third+,199073.0,800.0,60.2,21.5,5.0,0.61
Hyundai,2007,CNG,Manual,First,330976.0,1200.0,93.4,16.9,5.0,0.72
Hyundai,2006,Diesel,Manual,Third+,176519.0,1500.0,108.3,19.9,5.0,0.76
Hyundai,2024,Petrol,Manual,Third+,36301.0,1200.0,80.6,20.0,5.0,3.47
Toyota,2018,Petrol,Manual,First,44978.0,2000.0,150.3,12.8,5.0,4.57
Mercedes,2016,Diesel,Manual,First,114741.0,1200.0,84.7,20.6,5.0,6.1
Mercedes,2021,Diesel,Manual,First,37152.0,1500.0,107.6,19.7,5.0,13.69
Honda,2017,Petrol,Manual,First,206195.0,2000.0,147.3,15.1,5.0,3.0
Toyota,2009,Diesel,Automatic,Third+,163983.0,1800.0,131.1,17.0,5.0,1.45
BMW,2015,Petrol,Manual,Second,160038.0,2000.0,154.8,15.6,7.0,5.46
Audi,2019,Petrol,Automatic,Third+,1448595.0,2000.0,147.1,14.2,7.0,9.15
Maruti,2005,Petrol,Automatic,First,214396.0,1500.0,118.1,18.7,5.0,0.92
Honda,2017,Diesel,Automatic,First,121520.0,1200.0,90.1,21.8,7.0,3.47
Tata,2015,Diesel,Automatic,First,190967.0,1200.0,88.4,22.4,5.0,1.83
Hyundai,2006,CNG,Automatic,Second,276390.0,2000.0,149.1,16.9,5.0,0.77
Hyundai,2010,Petrol,Manual,First,188470.0,800.0,51.5,21.8,7.0,0.82
Mercedes,2014,Electric,Automatic,First,162555.0,2500.0,187.2,,5.0,13.65
Mercedes,2012,Diesel,Automatic,First,268492.0,1200.0,94.0,21.3,5.0,4.13
Audi,2011,Petrol,Manual,First,141075.0,1800.0,139.3,15.5,5.0,4.64
Tata,2018,Petrol,Manual,First,22747.0,1200.0,80.8,19.7,7.0,2.53
Hyundai,2013,Petrol,Automatic,First,78090.0,2500.0,176.1,13.6,5.0,3.01
Hyundai,2015,Diesel,Manual,Second,70930.0,800.0,56.0,25.5,7.0,1.39
Toyota,2021,Petrol,Manual,Second,38707.0,1200.0,97.2,17.2,5.0,3.95
Toyota,2006,Petrol,Manual,First,155359.0,2000.0,,18.5,7.0,1.26
Honda,2012,Diesel,Manual,Second,155563.0,1200.0,84.2,22.6,5.0,1.72
Toyota,2006,Diesel,Manual,First,246321.0,1200.0,80.2,20.9,5.0,0.97
Hyundai,2024,Diesel,Manual,Second,25098.0,2000.0,144.0,15.1,7.0,4.99
Tata,2008,Diesel,Automatic,First,148356.0,,143.6,16.2,5.0,1.41
Hyundai,2022,Petrol,Manual,First,54560.0,1000.0,79.7,20.6,5.0,3.23
Hyundai,2009,Diesel,Manual,First,3287985.0,1500.0,117.2,18.3,7.0,1.12
Maruti,2011,Petrol,Automatic,First,272503.0,1000.0,67.8,19.1,,1.04
Maruti,2017,Petrol,Automatic,First,136595.0,1000.0,78.6,18.6,5.0,1.95
BMW,2022,Electric,Manual,Second,24835.0,1500.0,115.0,,5.0,17.1
Honda,2008,,Manual,Second,303727.0,1000.0,67.0,21.9,5.0,0.66
Maruti,2009,Petrol,Manual,First,207027.0,1200.0,,20.9,5.0,0.94
Tata,2023,Diesel,Automatic,First,47494.0,1200.0,90.9,20.4,5.0,4.76
Toyota,2011,Petrol,Manual,Second,215773.0,2000.0,149.1,14.0,7.0,1.49
Maruti,2009,Petrol,Manual,First,168448.0,1500.0,100.8,18.1,5.0,0.94
Hyundai,2020,Diesel,Automatic,First,63388.0,1000.0,74.9,21.9,5.0,3.2
Maruti,2006,Diesel,Automatic,First,204142.0,2500.0,189.0,12.0,5.0,1.15
Mahindra,2023,Diesel,Manual,First,25180.0,2000.0,157.6,14.1,7.0,7.92
Hyundai,2023,Petrol,Automatic,First,5920.0,1200.0,84.9,21.4,5.0,4.85
Maruti,2022,Diesel,Automatic,First,28408.0,2500.0,181.9,12.7,5.0,6.77
Maruti,2011,Diesel,Automatic,First,179166.0,1200.0,87.6,21.2,5.0,1.46
Toyota,2007,Petrol,Automatic,Second,296527.0,1200.0,90.6,21.8,5.0,0.82
Maruti,2013,Petrol,Automatic,Second,199814.0,1200.0,89.5,20.2,5.0,1.33
BMW,2012,Petrol,Manual,Second,139256.0,1000.0,77.7,21.4,5.0,2.67
Maruti,2025,Diesel,Manual,First,11870.0,1800.0,126.6,19.4,5.0,5.9
Toyota,2018,Petrol,Automatic,Third+,88409.0,1500.0,113.5,16.9,5.0,2.76
Honda,2024,Diesel,Manual,Second,18306.0,2000.0,143.7,12.1,5.0,7.23
Honda,2020,Electric,Manual,First,9045.0,1200.0,88.0,21.5,5.0,4.59
Maruti,2020,Petrol,Manual,First,23356.0,1000.0,84.3,20.6,5.0,2.3
Tata,2007,Diesel,Automatic,First,332982.0,1200.0,80.5,18.6,5.0,0.77
BMW,2006,Petrol,Manual,First,387288.0,1000.0,72.4,23.3,5.0,1.38
Maruti,2005,Petrol,Manual,Second,298502.0,2500.0,177.5,12.1,5.0,0.68
Maruti,2017,Diesel,Manual,Second,106478.0,1800.0,134.3,14.5,5.0,2.61
Audi,2009,Petrol,Manual,Second,75757.0,1800.0,139.6,20.2,7.0,3.39
Toyota,2025,CNG,Automatic,Third+,1601.0,1800.0,134.4,13.9,4.0,7.98
Maruti,2007,Diesel,Automatic,First,266276.0,1200.0,88.2,20.3,5.0,0.9
Maruti,2024,Petrol,Manual,Third+,25813.0,,82.0,18.3,7.0,2.51
Mahindra,2019,Petrol,Manual,Second,100873.0,1200.0,90.9,21.0,5.0,2.67
Mahindra,2007,Petrol,Automatic,First,321504.0,2000.0,153.1,14.3,7.0,1.52
Toyota,2006,Diesel,Manual,First,387991.0,1200.0,93.2,22.0,7.0,0.95
Mercedes,2013,Diesel,Automatic,First,119102.0,800.0,42.0,23.0,5.0,5.22
Honda,2012,Petrol,Manual,First,338152.0,1500.0,110.7,21.1,5.0,1.42
Hyundai,2011,Diesel,Manual,First,32064.0,1000.0,67.6,21.0,7.0,1.55
Honda,2016,Diesel,Manual,First,74077.0,1500.0,106.1,15.7,5.0,3.16
Hyundai,2007,Diesel,Manual,First,238047.0,800.0,68.1,23.4,5.0,0.68
Maruti,2007,Petrol,Manual,First,255465.0,,108.9,18.2,5.0,0.89
Maruti,2019,Petrol,Automatic,First,73263.0,1200.0,100.2,17.2,5.0,2.75
Hyundai,2025,Petrol,Manual,Second,17016.0,2000.0,139.7,13.6,7.0,5.88
Mahindra,2010,Petrol,Manual,Second,339490.0,1800.0,126.8,,5.0,0.97
Maruti,2024,Petrol,Automatic,Third+,23717.0,800.0,63.8,25.8,4.0,2.5
Hyundai,2012,Petrol,Automatic,First,85282.0,1800.0,131.3,18.0,5.0,2.59
Mahindra,2012,Petrol,Manual,First,266663.0,1800.0,135.2,16.1,5.0,1.84
Toyota,2006,Petrol,Manual,Second,297272.0,1500.0,110.4,19.5,5.0,0.84
Tata,2013,Petrol,Manual,First,203312.0,2500.0,184.3,8.7,5.0,2.01
Tata,2015,CNG,Manual,Third+,131805.0,2000.0,146.3,14.5,5.0,1.47
Mahindra,2018,Diesel,Automatic,Second,39416.0,1000.0,75.2,22.5,4.0,3.3
Maruti,2008,Petrol,Manual,First,214195.0,1200.0,92.7,20.8,7.0,0.67
Honda,2008,Diesel,Manual,First,77298.0,1200.0,,19.5,5.0,1.32
Toyota,2014,Petrol,Automatic,First,141181.0,1500.0,109.9,18.6,5.0,3.08
Hyundai,2006,Diesel,Manual,First,273749.0,2500.0,182.8,13.0,5.0,1.16
Maruti,2008,Diesel,Manual,First,284872.0,1500.0,108.0,18.6,5.0,1.03
Maruti,2018,Petrol,Manual,Second,77942.0,1200.0,97.7,22.0,5.0,2.02
Honda,2025,CNG,Automatic,First,10790.0,2500.0,189.3,12.9,5.0,7.49
Hyundai,2017,Diesel,Automatic,First,61173.0,1800.0,121.9,17.7,5.0,4.68
Maruti,2008,Diesel,Manual,First,274188.0,1200.0,77.2,23.6,5.0,0.72
Tata,2025,Petrol,Automatic,First,17670.0,2000.0,143.2,17.0,5.0,7.81
Audi,2015,Petrol,Manual,First,77698.0,1200.0,90.3,23.6,5.0,5.23
Maruti,2020,Diesel,Manual,Second,67970.0,1500.0,110.9,17.4,5.0,3.06
Audi,2009,Petrol,Manual,First,261935.0,1200.0,92.0,17.6,5.0,2.35
Maruti,2017,Diesel,Manual,Second,102096.0,2500.0,184.1,12.1,7.0,2.92
Audi,2006,,Manual,First,143040.0,1200.0,97.3,20.1,5.0,2.14
Mercedes,2018,Petrol,Automatic,First,88216.0,1200.0,93.5,23.1,5.0,11.15
Maruti,2009,Petrol,Manual,Second,239055.0,1500.0,111.6,16.6,4.0,0.86
Tata,2024,Petrol,Automatic,Second,18674.0,2000.0,155.0,15.4,5.0,6.23
Mercedes,2006,Petrol,Automatic,Second,129020.0,1000.0,64.2,22.5,5.0,2.79
Audi,2018,Diesel,Manual,First,107945.0,1000.0,73.6,21.9,5.0,5.8
Mercedes,2007,Diesel,Manual,Second,2780680.0,2500.0,,12.1,5.0,3.44
Toyota,2019,Petrol,Manual,First,138448.0,1800.0,,17.4,7.0,3.91
Maruti,2015,Diesel,Manual,First,159107.0,1200.0,78.6,22.4,5.0,1.77
BMW,2025,Diesel,Manual,Second,9816.0,1200.0,87.3,23.3,5.0,14.33
Toyota,2018,Diesel,Automatic,First,151546.0,1200.0,91.3,20.6,5.0,3.12
Toyota,2012,Petrol,Automatic,Second,221596.0,1500.0,114.0,17.2,5.0,1.63
Hyundai,2006,Diesel,Manual,First,41210.0,1500.0,118.2,21.4,5.0,1.4
Toyota,2017,Diesel,Manual,First,55665.0,1800.0,137.9,,5.0,4.33
Maruti,2014,Petrol,Manual,First,115942.0,800.0,58.9,26.2,5.0,1.46
Mahindra,2006,,Automatic,Second,305373.0,2000.0,152.2,17.9,5.0,1.38
Maruti,2017,Diesel,Manual,Second,745.0,800.0,58.1,25.7,5.0,1.77
Mahindra,2009,Petrol,Manual,First,176774.0,2000.0,149.0,16.7,5.0,1.59
BMW,2009,Diesel,Manual,First,245049.0,800.0,64.0,19.2,5.0,2.63
Honda,2005,CNG,Manual,First,500.0,1000.0,73.8,19.9,5.0,1.12
Honda,2012,Diesel,Manual,First,196442.0,1000.0,76.2,22.3,5.0,1.4
Hyundai,2009,Petrol,Automatic,Second,255855.0,1000.0,79.8,20.5,5.0,0.96
Mercedes,2006,Diesel,Manual,First,153608.0,1200.0,93.2,19.9,5.0,2.95
Mahindra,2014,Electric,Manual,First,77473.0,1500.0,118.5,19.7,5.0,4.07
Hyundai,2009,Diesel,Manual,First,124980.0,2000.0,162.1,15.2,5.0,1.6
Maruti,2007,Petrol,Manual,First,500.0,1500.0,115.3,16.4,5.0,1.04
Maruti,2014,Petrol,Automatic,Second,105063.0,1500.0,108.3,20.2,5.0,1.6
Honda,2006,Diesel,Manual,Second,245084.0,1200.0,92.0,,5.0,0.69
Audi,2025,Petrol,Automatic,First,13610.0,2000.0,151.0,15.1,7.0,25.27
Mahindra,2014,Petrol,Manual,Third+,187259.0,1000.0,77.8,23.0,5.0,1.28
Maruti,2025,Petrol,Automatic,First,9934.0,1200.0,97.9,20.7,5.0,4.71
BMW,2023,Diesel,Automatic,Second,43272.0,1000.0,64.0,24.1,5.0,12.98
Hyundai,2025,Petrol,Manual,First,12959.0,1000.0,83.2,22.0,5.0,4.27
BMW,2016,Diesel,Automatic,First,149124.0,1500.0,122.2,,5.0,7.33
Hyundai,2013,Diesel,Manual,Second,209215.0,1000.0,77.5,18.4,5.0,1.45
Toyota,2020,Electric,Automatic,First,56714.0,1000.0,77.6,22.6,5.0,5.54
Audi,2006,CNG,Manual,Second,297366.0,2000.0,146.7,14.8,5.0,1.95
Hyundai,2022,Petrol,Manual,First,60534.0,1000.0,74.1,20.2,5.0,3.04
Mahindra,2011,Diesel,Manual,First,197947.0,1500.0,115.3,20.7,5.0,1.66
Mercedes,2005,Petrol,Automatic,Second,389663.0,1200.0,92.7,22.1,5.0,1.36
Maruti,2009,Electric,Automatic,First,131954.0,2000.0,152.5,11.9,5.0,2.17
Maruti,2010,Petrol,Manual,First,152661.0,1800.0,137.1,,5.0,1.15
Mahindra,2005,Diesel,Automatic,First,154228.0,800.0,64.6,24.1,5.0,1.02
Hyundai,2019,Diesel,Automatic,First,96000.0,2000.0,152.9,14.2,4.0,4.56
Maruti,2006,Petrol,Manual,Second,193085.0,1200.0,82.7,19.0,5.0,0.57
Honda,2022,Diesel,Manual,First,31594.0,1200.0,93.9,,7.0,4.4
Tata,2014,Petrol,Manual,Second,213760.0,1500.0,122.3,18.0,5.0,1.64
Hyundai,2020,Petrol,Manual,First,118512.0,1800.0,133.2,,7.0,3.7
Hyundai,2012,Petrol,Manual,First,132471.0,1200.0,97.9,21.9,5.0,1.27
BMW,2007,Petrol,Automatic,First,96355.0,1200.0,83.4,21.0,5.0,2.72
Honda,2008,Diesel,Manual,First,338350.0,1000.0,73.9,19.8,5.0,0.68
BMW,2018,CNG,Automatic,Second,109234.0,1500.0,107.3,19.1,5.0,8.24
Honda,2020,Petrol,Manual,First,84044.0,2500.0,193.5,11.9,7.0,5.47
Mercedes,2010,Diesel,Manual,First,185753.0,1200.0,98.7,18.8,5.0,3.96
Mahindra,2012,Diesel,Manual,Second,103730.0,3000.0,221.6,6.4,5.0,2.87
Maruti,2024,Diesel,Manual,First,22606.0,1000.0,81.1,22.9,7.0,4.43
BMW,2022,Petrol,Manual,First,62556.0,1800.0,143.2,17.6,5.0,13.79
Honda,2013,CNG,Manual,Second,119432.0,,185.0,13.4,5.0,2.17
Maruti,2010,Petrol,Manual,First,210163.0,1800.0,134.1,15.4,5.0,1.11
Maruti,2011,Diesel,Automatic,Second,174187.0,1000.0,78.5,22.1,7.0,1.01
Mahindra,2016,Diesel,Manual,Second,66246.0,1200.0,,18.0,5.0,2.73
Maruti,2016,Diesel,Manual,First,178950.0,1000.0,74.7,20.0,5.0,1.72
Hyundai,2008,Petrol,Manual,First,252450.0,1500.0,124.0,18.7,5.0,0.88
Maruti,2006,Petrol,Manual,First,249140.0,3000.0,219.2,9.7,7.0,0.99
Honda,2015,Diesel,Automatic,Second,148640.0,1200.0,,17.6,,2.25
Hyundai,2021,Petrol,Manual,First,15194.0,1000.0,77.2,,5.0,3.44
Honda,2008,Petrol,Automatic,Second,162897.0,1200.0,87.9,19.8,5.0,0.96
Hyundai,2013,Diesel,Automatic,First,62397.0,1500.0,112.4,20.4,5.0,2.21
Maruti,2008,Diesel,Manual,First,208222.0,1500.0,121.6,17.2,7.0,0.88
Toyota,2010,Petrol,Manual,First,208122.0,1000.0,77.4,22.0,5.0,1.23
Hyundai,2017,Petrol,Manual,First,105547.0,1800.0,137.6,17.2,7.0,2.81
Mahindra,2011,Electric,Automatic,First,251566.0,1000.0,83.7,21.3,5.0,1.81
Maruti,2010,Petrol,Manual,First,69183.0,1500.0,109.4,19.1,5.0,1.41
Maruti,2025,Petrol,Manual,Third+,4941.0,1200.0,82.6,18.1,5.0,3.97
Hyundai,2008,Petrol,Manual,First,241173.0,1000.0,84.7,20.6,5.0,0.77
Honda,2008,Petrol,Manual,Second,216439.0,1500.0,111.9,21.2,5.0,1.09
Hyundai,2024,Electric,Manual,First,6887.0,1500.0,116.5,21.3,5.0,6.87
Tata,2016,Petrol,Manual,Second,157564.0,1200.0,84.3,22.0,4.0,1.48
Hyundai,2005,Petrol,Manual,First,383171.0,1800.0,135.7,18.7,5.0,0.67
Honda,2013,Diesel,Automatic,Second,175414.0,1500.0,104.5,,4.0,2.09
Toyota,2016,Petrol,Manual,First,43957.0,1200.0,89.3,18.8,5.0,2.71
Maruti,2010,,Manual,First,182581.0,2500.0,181.3,,5.0,1.66
Honda,2016,Electric,Manual,First,125282.0,2500.0,179.9,16.7,5.0,4.99
Hyundai,2018,,Automatic,First,76701.0,,72.3,21.2,5.0,3.18
Hyundai,2010,Petrol,Manual,First,267849.0,2500.0,171.4,13.7,5.0,1.31
Maruti,2022,Petrol,Automatic,First,513097.0,1800.0,,17.4,7.0,5.78
Tata,2014,Petrol,Manual,Third+,248174.0,1000.0,78.8,22.4,5.0,0.92
Audi,2025,Petrol,Automatic,First,11498.0,1500.0,113.2,18.6,7.0,19.8
Maruti,2006,Diesel,Manual,First,246306.0,800.0,52.8,20.8,5.0,0.52
Toyota,2011,Diesel,Automatic,Second,218247.0,1500.0,114.4,13.8,5.0,1.98
Tata,2020,Diesel,Manual,Second,115730.0,2500.0,179.9,14.7,5.0,4.31
Hyundai,2023,CNG,Automatic,First,43180.0,1200.0,93.2,19.4,5.0,5.46
Tata,2009,Petrol,Automatic,First,185550.0,1500.0,110.4,15.3,5.0,1.24
Toyota,2025,CNG,Manual,First,8974.0,1000.0,72.1,22.5,7.0,5.9
Audi,2009,Diesel,Manual,First,103171.0,1500.0,110.6,19.4,5.0,4.01
Mercedes,2013,Petrol,Manual,First,500.0,2000.0,163.5,16.9,7.0,6.28
Maruti,2011,Diesel,Manual,Second,172958.0,1000.0,69.5,23.8,5.0,0.76
Honda,2013,Petrol,Automatic,Second,116632.0,1500.0,112.5,17.0,5.0,1.86
Toyota,2023,Diesel,Automatic,First,28616.0,1200.0,93.6,18.9,5.0,8.02
Maruti,2020,Diesel,Manual,First,100410.0,1800.0,127.6,16.2,5.0,4.23
Hyundai,2021,Petrol,Manual,First,54645.0,1800.0,123.8,18.2,5.0,3.77
Mercedes,2010,Diesel,Automatic,First,307946.0,1800.0,129.7,13.0,5.0,3.86
Maruti,2024,Petrol,Manual,First,17279.0,1200.0,93.4,20.7,7.0,4.74
Honda,2014,Diesel,Manual,First,79165.0,1500.0,109.1,20.3,5.0,2.42
BMW,2018,Petrol,Manual,First,40971.0,1500.0,109.7,20.2,5.0,7.98
Hyundai,2019,Petrol,Manual,Third+,99690.0,1800.0,138.8,18.0,5.0,2.86
Honda,2018,Petrol,Manual,First,133272.0,1500.0,106.3,20.5,5.0,3.36
Mercedes,2017,Diesel,Manual,First,71327.0,2000.0,147.6,10.6,5.0,11.2
Honda,2015,Petrol,Manual,First,66603.0,1200.0,79.8,23.4,5.0,1.89
Maruti,2018,Diesel,Manual,First,148001.0,800.0,61.2,23.6,5.0,1.58
Maruti,2024,Petrol,Automatic,First,11291.0,2500.0,186.6,14.8,7.0,8.11
Audi,2013,Petrol,Automatic,First,208493.0,800.0,64.0,20.9,7.0,3.48
Hyundai,2015,Petrol,Manual,First,99916.0,,141.3,12.3,4.0,2.27
Honda,2008,Petrol,Manual,Second,223362.0,1500.0,110.0,21.8,5.0,0.93
Maruti,2012,CNG,Manual,Third+,223288.0,2000.0,140.5,13.8,5.0,1.14
Hyundai,2021,Petrol,Automatic,First,63176.0,1500.0,109.6,18.1,5.0,5.07
Audi,2018,Diesel,Manual,First,71377.0,2000.0,,16.4,5.0,9.99
Honda,2009,Diesel,Manual,First,289855.0,1800.0,131.4,18.1,7.0,1.25
Mercedes,2016,Diesel,Automatic,First,121506.0,,102.9,20.6,7.0,8.5
Hyundai,2022,Diesel,Manual,Third+,108813.0,1200.0,84.8,20.9,4.0,3.22
Honda,2007,CNG,Manual,First,60175.0,800.0,49.6,21.1,5.0,1.0
BMW,2006,Diesel,Manual,Second,65138.0,1200.0,81.1,21.8,5.0,2.56
Honda,2013,,Automatic,Second,213397.0,2500.0,189.2,13.7,,2.49
Hyundai,2018,Diesel,Manual,First,78231.0,1200.0,80.2,17.2,5.0,3.08
BMW,2011,Diesel,Automatic,First,224187.0,1800.0,135.2,19.3,7.0,5.92
Hyundai,2022,Petrol,Manual,First,24137.0,1500.0,111.3,,7.0,3.69
Honda,2022,Diesel,Manual,First,42785.0,1200.0,85.7,22.4,5.0,4.61
Mercedes,2016,Petrol,Manual,First,120488.0,3000.0,223.6,8.1,7.0,10.89
Maruti,2012,,Automatic,Third+,123560.0,800.0,53.6,24.3,5.0,1.01
Hyundai,2005,Electric,Manual,First,245703.0,1500.0,116.2,19.5,5.0,0.99
Maruti,2022,CNG,Manual,First,23632.0,1200.0,84.7,20.4,7.0,3.29
Hyundai,2023,Diesel,Automatic,First,47037.0,800.0,56.9,23.8,5.0,4.35
Maruti,2014,Diesel,Manual,First,203640.0,1000.0,71.0,21.6,5.0,1.18
Mahindra,2015,Diesel,Manual,First,65582.0,1800.0,,18.0,5.0,3.45
Maruti,2020,Petrol,Automatic,Second,31082.0,1000.0,77.3,25.7,5.0,2.76
Mahindra,2019,Petrol,Automatic,First,104011.0,2000.0,132.4,13.1,5.0,4.81
Hyundai,2007,Petrol,Automatic,First,90489.0,1500.0,112.6,12.9,5.0,1.17
Hyundai,2019,Petrol,Manual,First,104370.0,1000.0,63.6,21.0,5.0,2.21
Hyundai,2024,Electric,Manual,First,24504.0,1200.0,86.8,19.6,5.0,5.88
Mahindra,2020,Diesel,Automatic,First,46815.0,1000.0,73.4,21.1,5.0,5.0
Honda,2015,Diesel,Manual,Second,193752.0,1800.0,131.2,15.1,5.0,2.06
Hyundai,2015,Petrol,Automatic,First,171061.0,1500.0,114.1,20.2,7.0,2.26
BMW,2010,Diesel,Manual,Second,201132.0,800.0,63.6,20.5,5.0,2.2
Toyota,2018,Petrol,Automatic,Second,8440.0,1500.0,106.5,19.4,5.0,4.06
Maruti,2010,Diesel,Manual,First,229475.0,1500.0,,19.8,7.0,1.3
Audi,2012,Electric,Manual,First,91898.0,1500.0,110.9,19.2,7.0,6.35
Hyundai,2010,Petrol,Manual,Second,164323.0,800.0,50.0,23.9,5.0,0.72
Maruti,2012,Petrol,Manual,Third+,158919.0,800.0,56.4,24.7,5.0,0.66
Honda,2012,Petrol,Manual,First,274096.0,1200.0,97.0,20.6,5.0,1.31
Maruti,2006,Petrol,Automatic,First,196736.0,1800.0,124.3,16.1,5.0,1.07
Maruti,2020,Petrol,Manual,First,28946.0,1500.0,109.1,,5.0,3.65
Tata,2014,Petrol,Manual,Second,207542.0,,85.3,21.6,4.0,1.25
Maruti,2024,Petrol,Manual,Second,34092.0,1000.0,86.1,23.4,5.0,3.08
Tata,2008,Petrol,Automatic,Second,252149.0,1800.0,130.1,13.7,5.0,1.06
Audi,2019,Petrol,Manual,First,121364.0,800.0,56.4,22.7,5.0,5.53
Toyota,2008,Diesel,Manual,First,337399.0,1500.0,104.9,16.7,5.0,1.12
Mahindra,2016,Petrol,Automatic,Second,72220.0,1200.0,88.9,21.5,7.0,3.16
Mahindra,2015,Diesel,Manual,First,55434.0,1200.0,90.5,21.8,5.0,2.78
Mercedes,2014,Petrol,Manual,Second,184938.0,1500.0,105.8,18.1,5.0,4.7
Hyundai,2018,Petrol,Automatic,First,78940.0,1000.0,80.0,20.4,5.0,2.75
Maruti,2022,Petrol,Manual,Second,37318.0,1500.0,112.7,19.7,4.0,3.45
Honda,2011,Diesel,Automatic,Second,88562.0,1000.0,79.2,21.5,5.0,1.47
Honda,2022,Petrol,Automatic,First,52913.0,1200.0,86.9,23.1,5.0,4.89
Maruti,2008,Diesel,Manual,First,233172.0,1500.0,112.6,21.8,4.0,1.19
Toyota,2011,Petrol,Manual,Second,149169.0,800.0,58.0,24.8,5.0,1.36
Maruti,2011,Electric,Manual,First,70410.0,1500.0,119.9,19.0,5.0,2.07
Audi,2025,Petrol,Manual,Second,24554.0,1800.0,134.0,20.0,5.0,13.93
Hyundai,2007,Petrol,Manual,First,231762.0,2500.0,185.2,12.8,5.0,0.92
Maruti,2013,Diesel,Manual,First,203129.0,1000.0,71.3,,5.0,1.16
Maruti,2013,,Manual,First,18275.0,1000.0,71.0,20.5,5.0,1.43
Hyundai,2021,Petrol,Automatic,Third+,45114.0,1200.0,90.3,19.2,7.0,2.91
Hyundai,2015,Diesel,Manual,Second,85219.0,2000.0,153.1,15.5,5.0,2.41
Maruti,2025,Petrol,Automatic,Second,19401.0,1200.0,84.8,21.3,5.0,4.88
Hyundai,2020,Petrol,Automatic,Second,85534.0,1200.0,89.6,18.0,5.0,2.72
Maruti,2019,Petrol,Automatic,First,81373.0,1800.0,134.4,15.9,5.0,3.65
Hyundai,2020,Petrol,Automatic,Third+,63223.0,800.0,61.4,23.4,7.0,2.13
Hyundai,2008,CNG,Automatic,First,203642.0,1500.0,100.9,19.8,4.0,1.01
Hyundai,2014,Diesel,Manual,First,56296.0,1200.0,83.3,20.5,7.0,2.41
Hyundai,2017,Diesel,Manual,First,64525.0,1500.0,102.9,19.1,5.0,3.16
Maruti,2009,Petrol,Automatic,First,266349.0,1800.0,133.5,14.5,5.0,1.06
Maruti,2007,Diesel,Automatic,Second,165665.0,1200.0,83.5,18.9,5.0,0.93
Maruti,2007,Diesel,Automatic,First,315453.0,1500.0,108.1,18.5,7.0,0.79
Tata,2021,Petrol,Automatic,Second,72039.0,1500.0,103.9,19.5,5.0,3.54
Mercedes,2018,CNG,Manual,Third+,120354.0,1000.0,71.7,22.2,5.0,5.18
Audi,2010,Diesel,Manual,First,201173.0,2000.0,141.4,14.0,7.0,4.3
Honda,2020,Diesel,Manual,First,46498.0,1800.0,137.9,16.3,5.0,5.09
Honda,2019,Petrol,Manual,Second,77228.0,2500.0,188.1,15.1,5.0,4.51
Hyundai,2022,Petrol,Manual,First,59796.0,1800.0,134.2,17.7,4.0,4.74
Tata,2024,Diesel,Automatic,Second,500.0,1200.0,87.1,20.2,7.0,5.25
Tata,2023,Diesel,Manual,First,43138.0,1200.0,76.7,18.7,5.0,4.91
BMW,2008,Petrol,Manual,First,152642.0,1200.0,86.1,19.2,5.0,2.23
BMW,2021,Petrol,Automatic,First,56800.0,800.0,54.7,23.0,7.0,8.15
Hyundai,2013,Diesel,Manual,First,134701.0,1200.0,90.4,21.0,5.0,1.64
Tata,2013,Petrol,Automatic,First,142677.0,1200.0,92.6,21.5,5.0,1.82
Tata,2018,Petrol,Manual,First,39800.0,800.0,61.2,23.7,5.0,2.03
Hyundai,2017,Diesel,Automatic,First,105501.0,2000.0,,14.8,5.0,3.19
Audi,2013,Petrol,Manual,Second,180250.0,1000.0,70.7,20.8,5.0,2.45
Maruti,2025,Petrol,Manual,First,3162.0,1500.0,107.5,22.3,5.0,5.08
Mercedes,2008,Petrol,Manual,First,92541.0,,,15.7,5.0,3.69
Tata,2007,CNG,Manual,First,287232.0,1500.0,112.1,16.3,5.0,0.69
Maruti,2005,Petrol,Manual,First,299161.0,1000.0,72.6,18.8,5.0,0.43
Mahindra,2022,Diesel,Automatic,First,48329.0,1500.0,122.2,18.0,5.0,6.88
Maruti,2013,Electric,Automatic,Second,100938.0,1800.0,136.8,18.4,5.0,3.01
Tata,2014,Diesel,Manual,First,180045.0,2000.0,147.0,14.5,5.0,2.26
Tata,2018,Diesel,Automatic,Second,42482.0,1200.0,84.8,23.2,5.0,3.46
Toyota,2014,Diesel,Automatic,First,131419.0,800.0,67.2,,5.0,2.23
BMW,2017,Petrol,Automatic,First,42661.0,1500.0,112.4,20.6,7.0,9.36
Maruti,2006,Diesel,Manual,First,209471.0,1000.0,74.2,20.4,7.0,0.76
Hyundai,2008,CNG,Manual,Second,123457.0,1800.0,137.4,15.4,7.0,1.01
Hyundai,2024,Diesel,Automatic,Third+,515185.0,,116.4,18.8,5.0,5.07
Maruti,2014,Petrol,Manual,First,152055.0,,136.6,17.6,5.0,1.7
Honda,2008,Petrol,Manual,Third+,149637.0,2500.0,190.5,12.1,5.0,1.31
Hyundai,2012,CNG,Automatic,First,222592.0,1500.0,113.8,19.2,5.0,1.65
Hyundai,2012,Petrol,Manual,First,95361.0,2000.0,151.5,,5.0,1.98
Hyundai,2010,Diesel,Automatic,Second,173260.0,1500.0,106.7,16.1,5.0,1.39
BMW,2011,Petrol,Manual,First,121400.0,1000.0,84.9,21.1,5.0,2.78
Hyundai,2020,Diesel,Automatic,First,95817.0,1800.0,125.9,15.8,5.0,4.68
BMW,2007,Diesel,Automatic,First,263012.0,1800.0,135.2,,5.0,3.31
Hyundai,2011,Petrol,Automatic,Second,249782.0,3000.0,214.2,10.0,4.0,1.84
Hyundai,2014,Petrol,Automatic,First,140634.0,1200.0,88.3,19.6,7.0,1.91
Honda,2016,Diesel,Automatic,Second,500.0,1200.0,85.5,16.9,5.0,3.68
Hyundai,2023,Petrol,Manual,First,34246.0,2000.0,149.0,15.1,5.0,4.99
Hyundai,2024,Petrol,Automatic,Third+,45727.0,800.0,,21.1,5.0,2.65
Honda,2011,Diesel,Automatic,First,144794.0,1500.0,105.4,19.5,5.0,1.89
Maruti,2016,Petrol,Manual,First,22270.0,1500.0,110.9,,7.0,2.17
Hyundai,2005,Diesel,Manual,First,263951.0,1000.0,82.4,17.8,5.0,0.69
Toyota,2017,Petrol,Manual,First,115535.0,1000.0,66.2,20.4,7.0,2.3
Hyundai,2008,Petrol,Manual,First,140140.0,2000.0,143.0,16.1,5.0,1.13
Tata,2006,CNG,Automatic,Second,191888.0,800.0,64.4,20.5,5.0,0.62
Hyundai,2019,Petrol,Manual,First,42385.0,1800.0,133.8,18.2,4.0,3.87
Mercedes,2008,Petrol,Manual,First,240657.0,1800.0,134.2,18.6,5.0,2.64
Tata,2015,Diesel,Manual,Third+,127685.0,1500.0,117.2,18.3,5.0,1.43
Mercedes,2007,CNG,Manual,First,108094.0,1200.0,84.1,19.1,5.0,2.44
Tata,2020,Diesel,Automatic,First,70226.0,800.0,56.1,18.8,7.0,3.35
Maruti,2021,Diesel,Manual,First,41590.0,2000.0,144.3,17.0,,4.57
Honda,2017,Petrol,Manual,First,163919.0,1000.0,72.0,25.4,5.0,1.92
Maruti,2022,Petrol,Manual,First,70954.0,1200.0,96.9,23.7,5.0,3.4
Tata,2014,CNG,Automatic,Second,138467.0,2500.0,175.0,12.0,5.0,2.4
Toyota,2008,CNG,Automatic,First,208225.0,1200.0,81.7,18.5,7.0,1.29
Hyundai,2008,Diesel,Manual,First,277817.0,1200.0,80.7,22.0,5.0,0.74
Audi,2009,Petrol,Manual,First,174028.0,3000.0,230.6,9.0,5.0,4.1
Maruti,2009,Petrol,Manual,First,252883.0,1000.0,70.4,22.6,5.0,0.87
Toyota,2011,Petrol,Manual,First,260257.0,1000.0,72.1,,5.0,1.22
Mahindra,2009,CNG,Automatic,Third+,156686.0,1200.0,79.2,20.7,7.0,0.99
Maruti,2017,Diesel,Manual,First,164819.0,1800.0,131.8,18.6,5.0,2.41
Toyota,2008,Petrol,Manual,First,308900.0,2000.0,153.3,17.4,5.0,1.34
Tata,2018,Petrol,Manual,Second,92910.0,1800.0,,15.8,7.0,2.9
Maruti,2012,Petrol,Manual,Second,119415.0,3000.0,221.6,7.6,5.0,1.94
Honda,2019,Petrol,Manual,Second,83043.0,800.0,49.9,18.5,5.0,2.02
Hyundai,2015,Diesel,Manual,Second,115412.0,1500.0,109.1,18.0,5.0,2.29
Mahindra,2024,Diesel,Manual,First,11355.0,1000.0,75.0,,4.0,6.26
Maruti,2014,Petrol,Manual,First,168805.0,2000.0,142.2,16.3,7.0,1.74
Audi,2011,Diesel,Manual,Second,93048.0,2500.0,189.1,11.8,5.0,5.24
BMW,2017,Electric,Automatic,Second,79947.0,1200.0,94.2,20.1,,10.13
Maruti,2018,Petrol,Manual,Second,77554.0,2000.0,145.0,17.0,5.0,2.89
Hyundai,2014,Petrol,Manual,First,61671.0,1500.0,115.5,19.3,5.0,1.75
Toyota,2016,Petrol,Manual,Second,140572.0,1000.0,73.4,21.5,5.0,2.05
Mahindra,2014,Petrol,Automatic,First,120425.0,1500.0,118.0,21.7,5.0,2.74
Honda,2011,Diesel,Automatic,First,260687.0,3000.0,234.4,10.6,5.0,2.45
Maruti,2011,Diesel,Automatic,First,148960.0,1200.0,82.3,19.8,5.0,1.37
Maruti,2024,Petrol,Manual,First,15989.0,800.0,63.9,22.3,5.0,3.62
Mercedes,2019,Petrol,Automatic,Second,42839.0,3000.0,230.1,10.7,5.0,15.45
Honda,2007,Diesel,Manual,First,218705.0,1200.0,83.1,20.9,7.0,1.24
BMW,2025,Petrol,Automatic,Second,9073.0,1200.0,,18.5,5.0,13.68
Honda,2019,Diesel,Automatic,First,98725.0,1800.0,129.8,18.4,7.0,5.02
Audi,2006,Diesel,Manual,First,231291.0,1500.0,110.3,20.9,5.0,2.48
Maruti,2020,Diesel,Manual,First,132807.0,1200.0,86.8,22.6,5.0,2.97
Maruti,2017,Diesel,Manual,First,118733.0,1000.0,72.9,24.5,5.0,2.23
Audi,2024,Diesel,Manual,Second,12433.0,2000.0,153.2,19.2,7.0,16.19
Audi,2015,Diesel,Automatic,First,67934.0,1500.0,99.7,21.7,7.0,7.03
Hyundai,2015,Petrol,Manual,First,145195.0,1500.0,105.3,19.2,5.0,1.82
Hyundai,2011,Petrol,Automatic,First,94484.0,2000.0,152.2,15.1,5.0,2.11
Honda,2011,Petrol,Automatic,First,203400.0,800.0,62.6,19.7,5.0,1.37
Hyundai,2017,Petrol,Manual,First,139827.0,2000.0,141.8,15.5,5.0,2.37
Maruti,2022,Petrol,Manual,Third+,60115.0,1800.0,136.7,17.7,5.0,2.71
BMW,2023,Petrol,Manual,First,280630.0,,,12.5,5.0,18.46
Hyundai,2021,Petrol,Automatic,First,75152.0,1200.0,88.6,17.1,7.0,3.32
Mahindra,2017,Petrol,Manual,Second,110230.0,1200.0,82.8,20.0,5.0,2.12
Maruti,2015,Petrol,Manual,Second,97300.0,1500.0,116.4,19.8,5.0,1.86
Maruti,2012,Diesel,Manual,First,144065.0,2500.0,195.5,10.5,5.0,1.98
Mahindra,2021,Diesel,Automatic,First,64972.0,3000.0,216.9,9.5,5.0,8.64
Hyundai,2011,Diesel,Manual,Third+,119750.0,1200.0,89.1,21.3,5.0,1.25
Mahindra,2010,Diesel,Manual,First,205067.0,1500.0,117.7,,5.0,1.47
Maruti,2023,Diesel,Automatic,First,54046.0,1000.0,74.8,24.8,5.0,3.72
Audi,2017,Diesel,Manual,Second,144292.0,1800.0,122.8,16.1,5.0,8.02
Tata,2012,Petrol,Manual,Second,157992.0,2000.0,150.8,15.8,5.0,1.57
BMW,2023,Electric,Manual,Third+,41608.0,1800.0,127.5,17.1,5.0,16.5
Maruti,2025,Petrol,Manual,First,9767.0,1200.0,81.3,21.7,5.0,4.34
Hyundai,2011,Diesel,Manual,Third+,134995.0,2500.0,174.8,13.3,7.0,1.57
Hyundai,2015,Diesel,Manual,First,49742.0,1000.0,81.2,24.3,7.0,1.89
Honda,2015,Petrol,Automatic,Second,128722.0,1500.0,106.1,14.4,5.0,2.47
Hyundai,2019,Diesel,Manual,Second,98858.0,1500.0,113.1,19.4,5.0,3.16
Maruti,2024,Petrol,Manual,First,26148.0,1500.0,114.6,19.5,7.0,4.63
Hyundai,2016,Petrol,Manual,First,76103.0,1800.0,134.3,16.3,5.0,2.91
Hyundai,2021,Petrol,Manual,First,62755.0,1500.0,112.9,14.5,5.0,3.94
Hyundai,2017,Petrol,Automatic,Second,153865.0,,61.5,22.9,7.0,1.51
Maruti,2023,Petrol,Automatic,First,52824.0,1000.0,74.9,20.5,5.0,3.72
Hyundai,2013,Diesel,Automatic,Second,137990.0,1500.0,106.6,21.6,7.0,1.85
Toyota,2013,Diesel,Automatic,First,255301.0,1800.0,128.2,17.4,7.0,2.96
Hyundai,2013,Petrol,Automatic,First,299487.0,1500.0,110.5,17.2,5.0,1.61
Hyundai,2025,Diesel,Manual,First,14819.0,1200.0,,16.8,,5.6
Honda,2017,Petrol,Automatic,Second,83611.0,800.0,61.8,24.1,7.0,2.38
Tata,2008,Petrol,Automatic,First,246811.0,1800.0,139.9,18.0,5.0,1.0
Hyundai,2005,Diesel,Manual,First,136121.0,1500.0,113.2,18.2,4.0,0.89
Toyota,2015,CNG,Manual,First,166712.0,1500.0,106.2,19.7,5.0,2.3
Mercedes,2021,Petrol,Manual,Third+,50045.0,1200.0,75.8,19.9,5.0,7.78
Honda,2015,Petrol,Manual,Second,142141.0,1200.0,84.3,22.4,5.0,1.86
Audi,2016,Diesel,Automatic,First,82465.0,1200.0,80.8,22.3,7.0,7.39
Tata,2021,CNG,Manual,First,33424.0,800.0,54.9,20.0,5.0,2.28
Maruti,2015,Petrol,Manual,First,17726.0,1800.0,134.8,14.2,5.0,2.46
Hyundai,2024,Petrol,Manual,First,36394.0,1200.0,89.4,24.2,4.0,4.44
Mahindra,2018,Petrol,Automatic,Second,118121.0,1200.0,100.0,22.2,7.0,2.6
Mercedes,2020,Diesel,Manual,First,84156.0,3000.0,225.1,7.0,5.0,15.67
Honda,2021,CNG,Automatic,First,778128.0,1200.0,100.3,17.7,5.0,4.36
Maruti,2018,Diesel,Manual,Second,8111.0,1500.0,115.4,,5.0,3.26
Toyota,2006,Petrol,Manual,First,157072.0,1200.0,95.4,18.4,5.0,0.96
Maruti,2013,Diesel,Manual,First,128843.0,1200.0,86.7,19.9,,1.63
Tata,2007,Diesel,Manual,First,111294.0,800.0,52.8,22.9,7.0,0.74
Honda,2015,Petrol,Automatic,First,39499.0,2000.0,145.5,15.3,5.0,3.22
Mahindra,2008,,Automatic,First,122115.0,1200.0,88.8,22.5,7.0,1.44
BMW,2015,Petrol,Manual,First,122525.0,1800.0,129.6,20.1,5.0,6.65
Toyota,2012,Petrol,Manual,First,155673.0,2500.0,179.2,11.5,5.0,2.7
Toyota,2005,Diesel,Automatic,First,329137.0,800.0,61.8,21.0,5.0,0.77
Tata,2007,Petrol,Automatic,Second,378937.0,1500.0,105.1,19.3,5.0,0.75
BMW,2015,Electric,Manual,First,157414.0,,64.9,24.7,5.0,6.25
BMW,2006,Diesel,Automatic,First,209431.0,1200.0,82.2,19.8,5.0,2.72
Maruti,2022,Petrol,Manual,First,74700.0,2000.0,146.7,17.0,5.0,4.04
Toyota,2020,Petrol,Manual,First,22445.0,800.0,53.3,21.5,5.0,3.11
Maruti,2019,Diesel,Automatic,First,9509.0,3000.0,220.9,9.3,5.0,6.97
BMW,2008,Petrol,Automatic,First,126177.0,1500.0,114.7,16.5,5.0,4.21
Mahindra,2021,Diesel,Automatic,Second,77772.0,1200.0,92.3,20.5,5.0,5.44
Hyundai,2018,Petrol,Manual,First,93077.0,800.0,55.3,22.8,5.0,1.83
Maruti,2013,Petrol,Manual,Second,92546.0,1500.0,103.3,19.7,5.0,1.32
Hyundai,2005,Diesel,Automatic,First,160026.0,1500.0,,21.8,5.0,1.03
Mahindra,2016,Petrol,Manual,First,61021.0,1000.0,78.0,21.0,4.0,2.69
Maruti,2021,Diesel,Manual,First,29786.0,1500.0,116.4,15.0,5.0,3.91
Maruti,2005,Diesel,Manual,First,378117.0,800.0,61.4,22.6,5.0,0.39
BMW,2006,Petrol,Manual,Second,214445.0,3000.0,,9.8,5.0,3.06
Tata,2013,Diesel,Manual,Second,238520.0,1200.0,99.3,20.9,7.0,1.16
Maruti,2015,Diesel,Manual,Second,79070.0,1500.0,108.2,18.3,5.0,1.67
Hyundai,2014,Diesel,Automatic,First,154939.0,1800.0,142.3,19.4,4.0,2.61
Mercedes,2013,Petrol,Manual,Second,154104.0,1800.0,131.8,17.0,5.0,4.5
Mahindra,2010,Petrol,Manual,First,236922.0,2000.0,154.3,15.3,4.0,1.62
Toyota,2006,Diesel,Manual,First,238090.0,2500.0,189.4,11.0,5.0,1.21
Hyundai,2005,Diesel,Manual,First,315827.0,1000.0,62.2,18.6,7.0,0.53
Hyundai,2007,Diesel,Manual,First,258328.0,1200.0,83.1,21.1,5.0,0.82
Maruti,2019,Diesel,Manual,First,42296.0,1800.0,126.0,17.2,4.0,3.08
Mahindra,2021,Diesel,Manual,Second,69983.0,800.0,48.6,,7.0,2.74
Maruti,2014,Petrol,Manual,First,130229.0,,138.6,16.7,7.0,1.83
Maruti,2006,Diesel,Manual,First,152355.0,800.0,71.7,22.7,5.0,0.69
Mahindra,2013,Petrol,Manual,First,182264.0,2000.0,146.6,14.4,5.0,2.08
Audi,2025,Petrol,Manual,Third+,30402.0,1800.0,138.5,15.3,5.0,12.04
Tata,2010,Diesel,Manual,Second,146273.0,1500.0,120.0,19.4,5.0,1.23
Honda,2015,Petrol,Automatic,First,115871.0,1200.0,90.1,20.1,5.0,2.1
Honda,2016,Petrol,Automatic,First,45505.0,3000.0,222.1,8.2,7.0,5.54
Hyundai,2011,CNG,Manual,First,44429.0,1800.0,131.9,15.2,5.0,1.67
Hyundai,2014,Diesel,Automatic,First,112724.0,2000.0,151.4,15.3,5.0,2.87
Honda,2014,Diesel,Automatic,Third+,173119.0,2000.0,153.4,17.2,4.0,2.41
Hyundai,2014,CNG,Manual,Third+,98124.0,800.0,,23.4,5.0,0.84
Toyota,2020,Petrol,Manual,Third+,119528.0,800.0,61.8,22.6,5.0,2.47
BMW,2017,Diesel,Automatic,First,87232.0,1000.0,73.8,22.3,5.0,8.32
Mercedes,2006,Petrol,Manual,Second,200739.0,1500.0,101.6,21.1,5.0,2.23
Maruti,2005,Petrol,Manual,Second,196412.0,1500.0,116.5,19.5,7.0,0.64
Hyundai,2013,Petrol,Manual,First,203092.0,1200.0,81.2,21.0,5.0,1.29
Maruti,2024,,Manual,First,8869.0,3000.0,225.9,,5.0,7.43
Hyundai,2005,Diesel,Automatic,First,223406.0,1000.0,78.6,21.5,7.0,0.72
Hyundai,2006,Petrol,Manual,First,161795.0,1800.0,126.5,17.1,5.0,0.98
Maruti,2019,Diesel,Manual,Third+,58702.0,1500.0,107.5,17.7,5.0,2.41
Tata,2014,Petrol,Manual,Second,124669.0,1200.0,101.6,17.7,5.0,1.44
Honda,2009,Petrol,Manual,First,175878.0,800.0,58.8,23.6,5.0,1.01
Audi,2009,Electric,Automatic,First,266017.0,1800.0,126.0,17.4,5.0,6.19
Maruti,2018,Diesel,Automatic,First,84617.0,1800.0,138.1,,5.0,3.6
Maruti,2015,CNG,Automatic,First,145972.0,1200.0,84.3,,5.0,1.82
Hyundai,2018,Petrol,Manual,First,99075.0,1500.0,99.6,17.3,4.0,2.5
Maruti,2010,Petrol,Manual,First,287943.0,1500.0,114.2,15.4,5.0,1.02
Hyundai,2016,Diesel,Manual,Second,98089.0,1200.0,83.4,19.2,5.0,1.89
Mercedes,2023,Diesel,Manual,Second,24656.0,1500.0,113.0,15.9,5.0,18.79
Maruti,2011,Petrol,Automatic,Second,215610.0,1200.0,84.0,21.1,5.0,0.87
Maruti,2013,Diesel,Manual,First,122742.0,2000.0,152.4,14.1,5.0,2.5
Toyota,2008,Diesel,Manual,Second,242817.0,1800.0,134.4,18.5,5.0,1.51
Honda,2018,Diesel,Manual,First,173604.0,1000.0,58.5,23.5,4.0,2.22
Toyota,2005,Petrol,Automatic,First,130600.0,1800.0,135.6,15.1,7.0,1.9
Hyundai,2010,Diesel,Manual,First,291770.0,1200.0,87.2,,7.0,0.92
Tata,2019,Petrol,Automatic,First,66330.0,,,13.3,5.0,4.69
Maruti,2005,Electric,Automatic,First,364886.0,1500.0,113.5,20.4,5.0,0.81
Hyundai,2025,Petrol,Automatic,First,11505.0,800.0,63.8,19.4,5.0,4.62
Mahindra,2013,Petrol,Manual,First,179624.0,1800.0,129.1,,7.0,2.15
BMW,2013,Petrol,Manual,Third+,128245.0,1000.0,69.3,17.8,5.0,3.13
Hyundai,2016,Diesel,Manual,First,98471.0,2000.0,148.0,14.5,5.0,3.82
Toyota,2018,Electric,Automatic,First,63993.0,2500.0,183.0,14.3,7.0,8.3
Maruti,2014,CNG,Automatic,Third+,129159.0,1800.0,141.4,22.2,5.0,1.18
Maruti,2023,Diesel,Manual,First,32229.0,1500.0,110.2,18.2,5.0,4.93
Maruti,2025,Electric,Manual,First,12700.0,1500.0,103.8,16.4,5.0,6.92
Mahindra,2009,,Manual,Third+,76836.0,1200.0,83.9,19.6,5.0,1.47
Hyundai,2019,Petrol,Manual,First,84701.0,1000.0,79.9,21.9,5.0,2.4
Mahindra,2011,Diesel,Manual,First,249057.0,2500.0,,11.2,5.0,2.04
Maruti,2025,Petrol,Manual,First,15912.0,1200.0,87.6,18.8,5.0,4.01
BMW,2010,Petrol,Automatic,First,170322.0,1200.0,95.3,19.7,,3.82
Tata,2011,Petrol,Manual,Second,340559.0,1000.0,68.6,22.5,7.0,0.7
Maruti,2019,Petrol,Manual,First,56429.0,3000.0,208.8,8.9,5.0,4.8
Maruti,2021,CNG,Manual,First,57836.0,,180.1,10.8,5.0,4.12
Maruti,2007,Electric,Manual,Second,78425.0,,90.3,19.3,5.0,1.28
BMW,2016,Petrol,Automatic,Third+,93990.0,1200.0,87.4,19.8,5.0,4.45
Maruti,2012,Diesel,Manual,First,255722.0,2000.0,,13.7,4.0,1.27
Toyota,2017,Petrol,Manual,First,87277.0,1200.0,95.0,19.2,7.0,3.28
Hyundai,2016,Petrol,Manual,Third+,40374.0,2500.0,186.2,13.5,5.0,2.4
Tata,2025,Petrol,Manual,First,16921.0,2000.0,150.5,15.1,5.0,6.35
Honda,2024,Petrol,Automatic,First,22502.0,1800.0,135.9,13.6,4.0,6.87
Honda,2018,Petrol,Manual,First,113157.0,1000.0,66.3,,5.0,2.18
Mercedes,2019,Petrol,Manual,Second,65470.0,1800.0,135.2,17.5,4.0,9.64
Maruti,2023,,Manual,First,20364.0,3000.0,227.7,6.8,5.0,6.14
Tata,2008,Petrol,Manual,First,186009.0,1200.0,95.7,19.8,5.0,0.8
Maruti,2020,CNG,Manual,Second,82500.0,2000.0,,,5.0,3.14
Honda,2021,Petrol,Manual,First,48689.0,1200.0,92.0,21.7,5.0,4.31
BMW,2007,Petrol,Automatic,First,251359.0,3000.0,211.8,8.6,7.0,4.02
Mahindra,2023,Diesel,Manual,First,27417.0,1500.0,111.0,18.5,7.0,7.15
Mahindra,2019,Petrol,Manual,Second,87279.0,1000.0,68.3,21.4,7.0,2.39
Hyundai,2012,Diesel,Manual,First,155931.0,1200.0,96.6,17.8,5.0,1.56
Hyundai,2015,Petrol,Automatic,Second,87339.0,800.0,66.0,25.5,5.0,1.59
Hyundai,2015,Diesel,Manual,First,127051.0,1200.0,83.2,21.7,5.0,1.84
Honda,2024,Diesel,Automatic,First,17056.0,2000.0,147.9,14.2,5.0,11.17
Honda,2025,Diesel,Manual,Second,18702.0,1200.0,90.4,20.8,7.0,5.69
Hyundai,2021,Diesel,Automatic,First,83285.0,2500.0,190.6,14.1,5.0,5.9
Hyundai,2018,Petrol,Automatic,First,95875.0,1000.0,64.0,21.9,5.0,2.57
Hyundai,2007,Petrol,Manual,Second,75361.0,1500.0,97.9,21.4,5.0,0.89
Hyundai,2024,Petrol,Manual,First,13417.0,2500.0,185.4,17.6,5.0,6.06
Maruti,2007,Diesel,Manual,First,155756.0,1500.0,95.9,18.4,7.0,0.94
BMW,2008,Petrol,Automatic,Second,140257.0,2000.0,149.1,14.5,5.0,3.56
Toyota,2006,Petrol,Automatic,First,157870.0,,225.8,7.5,5.0,1.92
Maruti,2024,Diesel,Manual,Second,34401.0,1500.0,118.5,14.6,5.0,5.0
Mahindra,2015,Petrol,Manual,First,161996.0,1800.0,129.6,19.0,5.0,2.44
BMW,2009,Petrol,Manual,First,151132.0,800.0,60.2,22.4,5.0,2.1
Maruti,2006,Diesel,Manual,Second,266292.0,1200.0,92.8,22.1,5.0,0.53
Maruti,2013,Petrol,Manual,First,170437.0,1200.0,81.8,22.4,5.0,1.11
Maruti,2020,Diesel,Manual,Second,56331.0,2000.0,153.6,13.6,7.0,3.94
Maruti,2025,CNG,Manual,Second,18260.0,1500.0,,16.9,5.0,4.29
Tata,2016,CNG,Automatic,Second,85357.0,1500.0,107.5,21.8,5.0,2.46
Mercedes,2017,Petrol,Automatic,First,103120.0,,186.0,12.2,5.0,12.82
Maruti,2022,Petrol,Automatic,First,27908.0,1000.0,73.2,20.6,5.0,3.48
Tata,2023,Diesel,Manual,Second,18135.0,2500.0,189.9,10.5,5.0,7.09
Maruti,2010,Diesel,Automatic,First,80339.0,1000.0,71.9,,7.0,1.26
Toyota,2025,Diesel,Manual,Second,3021.0,1200.0,90.3,23.2,5.0,6.0
Tata,2015,Petrol,Manual,Second,122219.0,1500.0,107.4,19.9,5.0,1.85
Hyundai,2024,Petrol,Manual,First,19455.0,1200.0,83.3,20.8,5.0,4.57
Maruti,2007,Petrol,Automatic,First,178227.0,1800.0,134.4,19.6,7.0,1.12
Toyota,2007,Petrol,Manual,First,186307.0,1800.0,128.0,19.3,4.0,1.53
Mercedes,2023,Petrol,Automatic,First,44528.0,2000.0,153.0,16.1,5.0,18.86
Hyundai,2019,CNG,Automatic,First,42993.0,1000.0,77.6,26.7,5.0,2.97
Maruti,2008,Petrol,Automatic,First,99513.0,1000.0,69.5,21.3,5.0,1.12
Maruti,2023,Diesel,Automatic,Second,17614.0,800.0,60.5,25.0,5.0,3.57
Toyota,2007,CNG,Automatic,First,196683.0,1500.0,106.5,17.9,5.0,1.45
Toyota,2019,Petrol,Manual,First,91174.0,1000.0,64.4,23.4,7.0,2.79
Tata,2009,Diesel,Manual,Second,237520.0,1200.0,85.3,20.1,5.0,1.29
Tata,2006,Diesel,Automatic,Second,306746.0,2000.0,147.8,16.3,4.0,0.82
BMW,2021,Petrol,Manual,Third+,47007.0,2500.0,188.3,16.7,5.0,10.1
Tata,2022,Petrol,Manual,First,37395.0,2000.0,149.0,17.2,5.0,4.62
Hyundai,2007,Diesel,Automatic,Second,349971.0,800.0,64.7,23.9,5.0,0.73
Toyota,2006,Diesel,Manual,Second,500.0,1500.0,105.2,17.2,5.0,1.42
Hyundai,2017,Diesel,Automatic,Second,96609.0,1000.0,71.8,22.1,5.0,2.43
Hyundai,2005,Electric,Manual,First,272414.0,1200.0,98.8,18.7,7.0,0.83
Audi,2020,Petrol,Automatic,First,121178.0,1200.0,77.3,22.1,,7.87
Mahindra,2024,Diesel,Manual,First,9740.0,2500.0,182.5,13.9,5.0,10.14
Mercedes,2020,Diesel,Manual,First,56714.0,1500.0,104.7,18.3,7.0,10.7
Hyundai,2009,Diesel,Automatic,First,91356.0,1200.0,87.7,23.5,5.0,1.52
Honda,2008,Diesel,Manual,Third+,53179.0,1500.0,108.5,21.4,5.0,1.29
Honda,2019,Diesel,Manual,First,66348.0,2500.0,188.8,12.6,7.0,6.39
Maruti,2006,CNG,Manual,Third+,290785.0,800.0,60.8,24.0,5.0,0.29
Maruti,2016,Petrol,Manual,First,165149.0,2000.0,140.3,14.4,4.0,2.14
Honda,2014,Diesel,Manual,Second,96091.0,1000.0,70.5,21.3,4.0,1.73
Maruti,2020,Petrol,Manual,First,82441.0,1000.0,74.1,19.8,7.0,2.37
Audi,2009,Diesel,Automatic,First,174195.0,2000.0,152.6,14.6,5.0,6.06
Maruti,2021,Diesel,Manual,First,73379.0,800.0,73.9,22.8,7.0,2.55
Maruti,2019,Diesel,Manual,Third+,105646.0,1800.0,137.6,13.8,4.0,1.92
Tata,2010,Petrol,Manual,First,162511.0,1000.0,,22.8,5.0,0.97
Maruti,2012,Diesel,Manual,First,221508.0,1500.0,110.5,20.5,7.0,1.34
Audi,2006,Petrol,Manual,Third+,111015.0,1500.0,112.2,18.6,7.0,1.92
Mahindra,2014,Petrol,Automatic,First,168159.0,2000.0,145.0,10.6,5.0,2.78
Maruti,2010,Petrol,Automatic,First,250266.0,2000.0,151.0,15.0,5.0,1.18
Mahindra,2007,CNG,Manual,First,295494.0,1800.0,119.7,14.2,5.0,1.28
Toyota,2016,Petrol,Automatic,First,62894.0,1200.0,92.2,19.4,5.0,3.51
Tata,2016,Electric,Manual,First,111455.0,1000.0,71.2,24.4,5.0,2.55
Tata,2006,Petrol,Manual,First,247143.0,1500.0,110.5,14.2,5.0,0.96
Mahindra,2008,Diesel,Automatic,First,231834.0,1500.0,119.9,17.2,7.0,1.43
Toyota,2006,Diesel,Manual,First,225590.0,800.0,51.7,24.5,5.0,0.91
Hyundai,2019,Diesel,Manual,Second,119422.0,2500.0,186.8,11.1,5.0,3.29
Mahindra,2012,Diesel,Automatic,Third+,75947.0,1200.0,93.7,19.1,5.0,2.01
Mercedes,2006,Diesel,Manual,First,202720.0,800.0,60.3,26.7,5.0,1.77
Toyota,2009,CNG,Manual,First,551367.0,2000.0,138.5,16.2,5.0,2.1
Mahindra,2025,Diesel,Manual,First,10473.0,1500.0,119.2,20.3,5.0,9.57
Hyundai,2010,Petrol,Automatic,Second,212637.0,1800.0,132.1,17.6,,1.33
Tata,2019,Petrol,Automatic,First,192263.0,1000.0,70.9,22.0,5.0,1.93
Mercedes,2014,Diesel,Automatic,Second,183263.0,1200.0,87.0,22.8,5.0,5.24
Maruti,2008,Petrol,Manual,First,231923.0,1500.0,108.8,22.1,7.0,0.89
Maruti,2011,Diesel,Automatic,First,184228.0,1200.0,81.7,17.5,5.0,1.51
Honda,2005,Diesel,Manual,Second,197417.0,1800.0,134.3,16.7,5.0,1.12
Honda,2020,Petrol,Manual,First,63601.0,1200.0,85.3,20.4,4.0,4.01
Toyota,2012,Diesel,Manual,First,167959.0,,78.1,21.0,5.0,1.74
Maruti,2015,Diesel,Automatic,First,25833.0,800.0,62.4,24.8,5.0,1.85
Hyundai,2008,Diesel,Manual,First,209402.0,1200.0,98.6,21.0,5.0,0.86
Toyota,2022,Diesel,Manual,First,53590.0,1200.0,87.6,24.0,5.0,5.16
Toyota,2009,CNG,Manual,Second,320143.0,1800.0,128.5,18.7,5.0,1.17
Mahindra,2016,Diesel,Manual,First,107577.0,1500.0,102.3,21.1,7.0,2.76
Mahindra,2023,Electric,Automatic,First,25764.0,1000.0,87.2,19.6,5.0,7.22
Mahindra,2019,Petrol,Automatic,First,93568.0,1500.0,115.1,17.2,5.0,4.63
Tata,2017,,Manual,First,99821.0,1000.0,69.9,20.4,5.0,2.08
Toyota,2023,Diesel,Automatic,Second,31767.0,1200.0,99.0,22.9,,6.61
Honda,2008,Petrol,Manual,First,87395.0,2000.0,156.3,13.8,5.0,1.46
Toyota,2025,Petrol,Automatic,First,10814.0,1800.0,125.2,15.1,5.0,10.18
Maruti,2016,Diesel,Manual,First,89636.0,1500.0,,16.6,5.0,2.16
Hyundai,2013,Petrol,Manual,Third+,131433.0,1200.0,88.1,25.5,5.0,0.94
Honda,2010,CNG,Manual,Second,240278.0,1000.0,67.7,21.5,5.0,0.93
BMW,2020,Petrol,Manual,First,50387.0,1800.0,132.8,17.7,5.0,9.98
Mahindra,2025,Petrol,Manual,First,7302.0,1500.0,115.4,16.6,5.0,6.89
Maruti,2019,Diesel,Manual,Second,96327.0,1500.0,102.9,20.4,7.0,2.45
Toyota,2005,Petrol,Automatic,Second,198225.0,3000.0,224.0,6.1,5.0,1.67
Maruti,2014,Petrol,Manual,First,268901.0,,95.9,18.7,5.0,1.22
Mahindra,2020,Diesel,Manual,Second,66634.0,2000.0,150.5,14.2,5.0,5.13
Tata,2013,Diesel,Manual,First,70430.0,1500.0,110.7,19.0,5.0,1.96
Toyota,2021,Petrol,Manual,First,35813.0,1200.0,84.9,19.1,5.0,4.57
Toyota,2019,Diesel,Manual,First,53418.0,800.0,64.2,25.7,5.0,3.52
Hyundai,2006,Diesel,Manual,First,145252.0,1500.0,104.0,19.5,7.0,1.19
Honda,2016,Diesel,Automatic,First,129151.0,1200.0,90.3,19.3,7.0,3.02
BMW,2008,Petrol,Manual,First,116169.0,1800.0,133.5,18.5,5.0,3.15
Mahindra,2015,Petrol,Automatic,Second,89882.0,1800.0,140.1,16.0,5.0,3.13
Honda,2013,CNG,Manual,Second,210043.0,1200.0,85.4,19.4,5.0,1.25
Hyundai,2021,Diesel,Manual,First,44393.0,1500.0,108.1,20.2,5.0,3.48
Maruti,2023,Petrol,Manual,First,42014.0,1500.0,103.7,14.2,5.0,3.38
Maruti,2014,Diesel,Automatic,Second,43620.0,1200.0,91.5,21.8,5.0,1.93
Maruti,2016,Petrol,Automatic,First,93876.0,2000.0,145.6,14.2,5.0,2.87
Hyundai,2018,Diesel,Manual,First,58604.0,800.0,54.1,21.7,5.0,2.22
Audi,2018,Diesel,Manual,Second,95781.0,3000.0,217.6,12.8,5.0,11.57
Honda,2018,Electric,Manual,First,43453.0,800.0,62.5,22.0,5.0,3.17
Maruti,2021,Electric,Manual,First,101336.0,1000.0,67.5,23.5,5.0,3.16
Maruti,2025,Petrol,Automatic,Second,500.0,1800.0,127.2,17.3,5.0,5.43
Hyundai,2022,Diesel,Manual,First,60801.0,1000.0,79.5,22.4,5.0,3.4
Tata,2007,Petrol,Manual,First,289900.0,1200.0,87.9,20.0,7.0,0.7
Hyundai,2015,Diesel,Automatic,Second,144128.0,1000.0,79.8,21.2,7.0,1.68
Tata,2014,Diesel,Automatic,Second,140653.0,1800.0,131.2,19.5,7.0,1.87
Tata,2015,Petrol,Automatic,First,217607.0,1500.0,111.1,20.3,7.0,1.59
Maruti,2016,Petrol,Manual,First,221493.0,800.0,60.2,22.1,5.0,1.22
Toyota,2020,Petrol,Manual,First,65481.0,1200.0,97.2,18.6,5.0,3.6
Mercedes,2013,Petrol,Manual,First,154008.0,1000.0,81.9,20.7,5.0,3.19
Hyundai,2010,Petrol,Manual,First,145965.0,2500.0,192.1,14.1,5.0,1.8
Maruti,2014,CNG,Manual,First,64268.0,1000.0,70.3,23.9,5.0,1.62
Audi,2022,Diesel,Manual,First,55699.0,1500.0,105.2,19.6,5.0,12.17
BMW,2011,Diesel,Manual,Second,175528.0,1500.0,115.7,15.7,7.0,3.76
Honda,2005,Diesel,Manual,First,82226.0,1500.0,119.4,20.0,5.0,1.22
Toyota,2025,Diesel,Manual,Second,4456.0,2500.0,192.2,14.7,5.0,7.93
Maruti,2009,Petrol,Manual,First,202592.0,1200.0,89.0,20.8,7.0,0.93
Tata,2017,Diesel,Manual,Second,68236.0,1800.0,137.7,20.3,5.0,3.21
Honda,2021,Diesel,Manual,First,41264.0,1200.0,93.4,18.1,5.0,5.22
Maruti,2010,Diesel,Automatic,First,208285.0,1500.0,112.0,19.9,5.0,1.32
Mahindra,2012,CNG,Automatic,Second,267612.0,1200.0,90.0,18.7,5.0,1.22
Mercedes,2010,Diesel,Manual,Second,204228.0,1000.0,74.7,23.7,7.0,3.16
Tata,2008,Diesel,Manual,First,265082.0,1000.0,69.3,22.9,5.0,0.84
Hyundai,2008,CNG,Manual,First,131396.0,1000.0,70.0,25.0,5.0,0.91
Maruti,2008,Petrol,Manual,First,167888.0,2500.0,181.0,13.3,7.0,1.16
Audi,2014,Diesel,Manual,First,165551.0,,123.7,16.0,5.0,5.97
Audi,2016,Petrol,Automatic,First,54373.0,1200.0,89.7,19.6,5.0,6.2
Honda,2005,Petrol,Manual,Second,245317.0,1500.0,110.9,18.2,5.0,0.72
Mahindra,2022,Diesel,Manual,First,40644.0,1800.0,137.9,15.8,5.0,6.21
Honda,2019,Petrol,Automatic,First,77873.0,1200.0,96.5,22.9,5.0,4.62
Hyundai,2006,Electric,Manual,First,239718.0,1200.0,96.8,22.8,7.0,1.06
Maruti,2022,Petrol,Manual,Third+,51599.0,1800.0,,14.1,5.0,2.49
Maruti,2005,Diesel,Manual,First,169465.0,1000.0,69.5,21.8,5.0,0.65
Maruti,2016,Petrol,Automatic,First,51794.0,1500.0,102.5,18.7,5.0,2.7
Tata,2014,Electric,Manual,First,140626.0,,79.7,20.3,5.0,2.0
Maruti,2015,Petrol,Manual,Second,185481.0,800.0,67.6,23.8,5.0,0.92
Maruti,2025,Petrol,Automatic,First,14559.0,1800.0,142.7,19.4,5.0,7.0
Toyota,2024,Petrol,Manual,First,22632.0,,136.2,18.4,5.0,6.87
Maruti,2010,Diesel,Automatic,First,153718.0,3000.0,210.2,11.7,5.0,2.32
Maruti,2017,Electric,Manual,Second,86887.0,1000.0,76.3,20.5,5.0,2.1
Toyota,2025,Electric,Manual,First,2357.0,1800.0,136.7,16.8,4.0,11.67
Hyundai,2020,Petrol,Manual,First,76450.0,2500.0,192.7,11.0,7.0,4.84
Toyota,2023,Petrol,Automatic,First,45810.0,1500.0,119.7,19.1,7.0,7.51
Audi,2014,Petrol,Manual,First,249587.0,2500.0,190.6,13.0,5.0,5.48
Maruti,2010,Diesel,Manual,First,116492.0,3000.0,218.7,11.0,7.0,1.96
Audi,2015,Diesel,Automatic,First,144177.0,2000.0,142.0,17.9,5.0,8.25
Audi,2022,Petrol,Manual,First,58377.0,3000.0,225.4,10.5,7.0,14.78
Tata,2024,Diesel,Automatic,First,17579.0,1500.0,106.4,,5.0,5.8
Toyota,2019,CNG,Automatic,First,42293.0,1500.0,120.0,16.2,5.0,5.15
Toyota,2019,Petrol,Manual,First,84986.0,2000.0,137.9,16.4,5.0,5.55
Toyota,2015,Petrol,Automatic,First,225096.0,2000.0,151.5,18.2,5.0,3.42
Mahindra,2011,Petrol,Automatic,First,188864.0,1000.0,76.0,21.7,5.0,1.57
Maruti,2013,Petrol,Manual,First,91468.0,1200.0,87.6,17.8,5.0,1.26
Mercedes,2015,Petrol,Automatic,First,111304.0,1200.0,83.3,24.3,5.0,7.03
Toyota,2022,Diesel,Automatic,Second,22394.0,2000.0,135.8,16.4,5.0,8.25
Tata,2016,Petrol,Automatic,Third+,105507.0,1200.0,85.7,20.8,7.0,1.93
Hyundai,2021,Diesel,Manual,First,71173.0,1200.0,85.8,18.4,4.0,4.0
Maruti,2005,CNG,Manual,First,161930.0,1500.0,117.8,18.7,5.0,0.81
Honda,2020,CNG,Manual,Third+,500.0,800.0,54.6,24.2,5.0,1.96
Honda,2015,Diesel,Manual,Third+,137337.0,2500.0,,13.3,4.0,2.25
Hyundai,2025,Petrol,Manual,First,16479.0,1500.0,103.4,17.4,5.0,5.65
Hyundai,2014,Petrol,Manual,First,91706.0,1000.0,77.0,21.6,5.0,1.42
Hyundai,2015,Petrol,Automatic,Second,82898.0,1200.0,75.5,,5.0,1.77
Honda,2007,Electric,Manual,Third+,242599.0,1800.0,145.9,19.7,5.0,1.35
Hyundai,2021,Electric,Manual,Second,43242.0,1500.0,110.3,20.2,4.0,4.39
Mercedes,2019,Petrol,Manual,First,112160.0,,72.1,19.6,5.0,7.65
Maruti,2023,Petrol,Manual,First,46328.0,1200.0,84.6,18.4,7.0,3.03
Hyundai,2006,Diesel,Automatic,Third+,184750.0,,142.9,16.0,7.0,1.01
Hyundai,2009,Petrol,Automatic,First,153149.0,1800.0,129.4,15.9,5.0,1.7
Toyota,2023,Electric,Manual,First,39493.0,1800.0,131.1,16.0,5.0,11.08
Honda,2005,Petrol,Manual,Second,220268.0,1200.0,84.9,18.5,7.0,0.74
Mahindra,2015,Petrol,Automatic,First,20474.0,3000.0,217.3,7.4,5.0,5.07
Mercedes,2013,Petrol,Manual,First,254960.0,1800.0,126.4,17.0,5.0,5.16
Hyundai,2024,Petrol,Automatic,First,32896.0,1200.0,93.8,20.0,4.0,5.43
Mahindra,2022,Petrol,Manual,First,37555.0,2500.0,192.4,16.9,5.0,6.62
Maruti,2023,Diesel,Manual,First,8155.0,2000.0,146.6,16.6,7.0,5.84
Hyundai,2011,Petrol,Manual,First,157298.0,1800.0,133.2,14.7,7.0,1.65
Honda,2017,Diesel,Automatic,First,75883.0,1800.0,126.6,14.0,5.0,3.79
Maruti,2019,Petrol,Automatic,First,81110.0,1200.0,89.3,21.2,5.0,2.56
Toyota,2025,Petrol,Automatic,First,2071.0,1500.0,112.5,17.9,7.0,8.94
Mahindra,2005,Petrol,Manual,Third+,186784.0,1000.0,72.8,24.1,5.0,0.53
Tata,2025,Petrol,Automatic,First,13611.0,1500.0,113.5,19.1,5.0,5.83
Honda,2012,Petrol,Manual,Third+,139894.0,1200.0,90.7,16.9,5.0,1.13
Toyota,2007,Petrol,Manual,First,183318.0,,82.6,18.7,7.0,1.23
Hyundai,2017,Diesel,Automatic,First,101135.0,2500.0,192.3,11.2,5.0,4.78
Maruti,2021,Diesel,Manual,Second,92178.0,1000.0,72.8,22.5,5.0,2.59
Maruti,2007,CNG,Automatic,Second,169593.0,2000.0,158.2,13.6,5.0,1.01
Mahindra,2005,Petrol,Manual,First,149550.0,1200.0,91.4,20.8,5.0,1.13
Mercedes,2023,Diesel,Manual,First,9338.0,800.0,71.1,20.6,5.0,10.7
Maruti,2024,Diesel,Manual,Second,16543.0,800.0,66.3,23.0,7.0,3.29
Toyota,2008,Petrol,Automatic,First,81538.0,1200.0,90.3,21.2,7.0,1.58
Tata,2023,Petrol,Manual,First,47211.0,1200.0,84.6,23.1,5.0,3.48
Tata,2024,Diesel,Automatic,First,12929.0,1200.0,84.7,20.9,5.0,6.77
Toyota,2025,Diesel,Manual,First,15341.0,1500.0,,17.2,7.0,8.18
Toyota,2009,Petrol,Automatic,Second,313374.0,1500.0,112.0,21.3,5.0,1.36
Mahindra,2017,Petrol,Manual,First,56446.0,800.0,55.7,22.7,5.0,2.29
BMW,2025,Electric,Manual,Second,10221.0,1200.0,93.9,21.9,5.0,20.13
Maruti,2023,Petrol,Automatic,Second,52867.0,1000.0,74.3,20.6,4.0,3.01
Audi,2017,CNG,Automatic,Third+,109196.0,800.0,64.3,23.2,5.0,4.47
Maruti,2009,Diesel,Manual,First,222062.0,1000.0,68.2,20.3,5.0,0.92
Tata,2006,Diesel,Manual,First,315546.0,1800.0,139.3,,5.0,0.72
Maruti,2010,Diesel,Manual,First,237877.0,1800.0,136.3,18.2,5.0,1.17
Maruti,2006,Petrol,Automatic,First,249794.0,2000.0,155.3,14.6,5.0,1.07
Maruti,2009,,Automatic,First,298581.0,1800.0,139.2,15.8,5.0,1.43
Honda,2006,Diesel,Automatic,Second,217180.0,1500.0,110.6,19.3,5.0,1.17
Hyundai,2021,Diesel,Automatic,First,61854.0,1200.0,87.9,19.0,5.0,4.15
Maruti,2017,Petrol,Automatic,First,89122.0,800.0,70.0,20.3,7.0,1.72
Honda,2015,Petrol,Manual,Second,168617.0,1500.0,109.4,19.3,7.0,2.02
Hyundai,2022,Petrol,Manual,Second,23168.0,1200.0,93.4,20.3,5.0,3.19
Tata,2013,Petrol,Automatic,First,48365.0,1200.0,86.6,20.3,5.0,1.92
BMW,2013,Diesel,Manual,Second,185313.0,3000.0,211.1,10.2,7.0,6.12
Mahindra,2009,Diesel,Manual,First,107296.0,1000.0,66.7,22.9,4.0,1.52
Maruti,2014,Diesel,Manual,Second,71420.0,800.0,61.7,22.7,7.0,1.51
Hyundai,2008,Diesel,Automatic,First,301033.0,2500.0,189.4,10.4,5.0,1.64
Audi,2017,Petrol,Automatic,First,139356.0,1200.0,91.3,19.4,5.0,6.59
Maruti,2025,Petrol,Manual,First,2721.0,1200.0,95.8,21.6,5.0,4.14
Hyundai,2016,Petrol,Automatic,First,500.0,1000.0,76.4,22.0,,2.68
Audi,2011,Petrol,Manual,Second,195116.0,1200.0,84.2,19.5,5.0,3.19
Mercedes,2019,Petrol,Manual,First,101276.0,3000.0,225.8,7.8,5.0,14.25
Hyundai,2022,Petrol,Automatic,First,47978.0,1800.0,134.4,17.9,5.0,5.48
Mahindra,2014,Petrol,Automatic,First,150926.0,1200.0,85.4,20.1,5.0,2.21
Honda,2010,Diesel,Automatic,First,162800.0,1200.0,91.7,21.9,7.0,1.73
Tata,2019,Petrol,Automatic,Second,1148724.0,1200.0,89.4,22.1,7.0,3.2
Maruti,2008,Petrol,Automatic,First,108920.0,1500.0,107.5,18.1,5.0,1.24
Maruti,2025,Petrol,Manual,Second,3398.0,1200.0,87.8,22.2,5.0,3.94
Toyota,2011,Diesel,Manual,Second,187714.0,1000.0,82.6,22.0,5.0,1.29
Maruti,2012,Diesel,Automatic,First,176774.0,1800.0,141.6,17.2,5.0,2.46
Mahindra,2020,Petrol,Automatic,Second,93154.0,2000.0,149.3,11.6,7.0,4.5
Hyundai,2005,Petrol,Manual,First,99017.0,2000.0,148.5,13.8,5.0,0.95
BMW,2009,CNG,Manual,First,57072.0,2000.0,139.5,13.8,7.0,4.25
Tata,2007,Diesel,Manual,First,169800.0,1500.0,121.4,,5.0,1.05
Honda,2013,Diesel,Manual,First,75682.0,1800.0,139.6,17.0,7.0,2.89
Tata,2016,Diesel,Automatic,First,119984.0,2500.0,189.7,12.7,7.0,4.3
Hyundai,2008,Diesel,Manual,First,95866.0,800.0,45.6,23.5,5.0,0.82
Honda,2012,CNG,Manual,Second,223904.0,1200.0,89.1,19.3,7.0,1.06
Maruti,2021,Petrol,Automatic,First,37780.0,1000.0,73.3,23.0,5.0,2.99
BMW,2024,Diesel,Manual,Third+,35463.0,3000.0,226.3,12.5,5.0,18.75
Tata,2005,Petrol,Manual,First,284138.0,2500.0,182.5,11.7,5.0,0.93
Audi,2018,Diesel,Manual,First,54342.0,2000.0,146.8,14.3,4.0,9.89
BMW,2005,Petrol,Manual,First,417622.0,1200.0,92.6,19.3,4.0,1.39
Mercedes,2015,Petrol,Manual,First,139301.0,2500.0,180.5,12.5,5.0,6.99
Maruti,2023,CNG,Manual,First,36504.0,800.0,55.8,22.1,5.0,2.56
Audi,2021,Diesel,Manual,Third+,50876.0,1000.0,75.2,18.6,5.0,6.07
Toyota,2009,Petrol,Manual,Third+,220174.0,1500.0,119.1,16.0,5.0,1.09
Hyundai,2010,Electric,Manual,First,213989.0,1800.0,138.2,18.6,5.0,1.87
Toyota,2021,Petrol,Manual,First,33019.0,2000.0,154.6,17.8,7.0,5.54
Hyundai,2022,Petrol,Automatic,First,35471.0,1200.0,89.3,23.4,5.0,4.56
Hyundai,2010,Diesel,Manual,First,180791.0,,97.9,20.9,5.0,1.33
Hyundai,2005,Petrol,Manual,First,280868.0,1200.0,78.4,18.7,7.0,0.54
Maruti,2014,Petrol,Automatic,Second,171116.0,800.0,,22.2,5.0,1.1
Honda,2018,Diesel,Manual,Second,94203.0,2000.0,161.1,12.8,5.0,3.81
BMW,2014,Petrol,Manual,First,113547.0,1200.0,91.6,17.7,5.0,4.66
Toyota,2024,Petrol,Automatic,First,239733.0,1000.0,79.1,22.2,7.0,5.67
Honda,2022,Petrol,Manual,First,25498.0,1200.0,88.7,21.5,5.0,4.14
Hyundai,2021,Diesel,Manual,Third+,63025.0,1800.0,132.1,20.3,5.0,3.31
Honda,2005,Petrol,Automatic,First,171699.0,2000.0,144.5,15.4,5.0,1.25
Maruti,2022,Petrol,Automatic,First,40912.0,1000.0,,19.3,5.0,3.49
Tata,2020,Diesel,Manual,First,69233.0,1000.0,,21.5,5.0,3.52
Maruti,2013,Petrol,Manual,Second,140906.0,2500.0,187.7,11.9,7.0,1.7
Mahindra,2017,Petrol,Manual,Second,100873.0,1500.0,123.0,17.7,7.0,2.3
Tata,2022,Diesel,Automatic,First,29909.0,1200.0,89.5,21.1,7.0,4.99
Toyota,2024,Diesel,Manual,First,17735.0,1000.0,65.1,19.6,5.0,7.36
BMW,2016,Petrol,Manual,Second,97341.0,3000.0,232.1,9.5,5.0,8.12
Hyundai,2005,Diesel,Manual,First,225600.0,1800.0,126.0,17.9,7.0,0.87
BMW,2017,Diesel,Automatic,First,142946.0,1000.0,70.7,24.3,5.0,6.67
Mahindra,2019,Petrol,Manual,Third+,89458.0,1000.0,75.7,22.3,5.0,2.41
Tata,2006,Diesel,Manual,First,170835.0,1000.0,76.6,23.6,5.0,0.76
Mahindra,2022,Diesel,Manual,First,28454.0,1200.0,80.2,19.7,5.0,4.51
BMW,2009,Diesel,Automatic,First,309367.0,1000.0,69.6,21.2,5.0,2.52
Mercedes,2023,Diesel,Manual,Second,37022.0,1000.0,65.2,24.2,7.0,10.7
Hyundai,2016,Diesel,Automatic,Second,98813.0,1000.0,77.8,19.3,4.0,2.24
Tata,2011,Electric,Manual,First,213944.0,1200.0,96.0,19.8,7.0,1.51
Tata,2006,Diesel,Manual,Second,242089.0,1500.0,103.8,20.7,,0.75
Honda,2005,Diesel,Manual,Second,188578.0,1200.0,94.9,20.1,7.0,0.79
Audi,2020,Diesel,Manual,Second,48530.0,2000.0,153.7,15.0,5.0,9.99
Hyundai,2012,Diesel,Manual,First,158371.0,1200.0,84.9,20.0,5.0,1.46
Toyota,2022,CNG,Automatic,First,49961.0,2000.0,136.3,15.7,5.0,7.61
Maruti,2009,Petrol,Manual,Second,284513.0,2000.0,141.7,17.5,5.0,0.78
Maruti,2024,Petrol,Automatic,First,8942.0,2500.0,181.6,14.0,5.0,7.5
BMW,2024,Diesel,Manual,First,42753.0,1000.0,83.3,21.8,4.0,11.05
Hyundai,2007,Petrol,Manual,First,181635.0,1200.0,88.2,22.5,5.0,0.74
Hyundai,2018,Diesel,Manual,Second,121083.0,1500.0,105.1,19.2,5.0,2.41
Hyundai,2024,Diesel,Manual,First,12038.0,1000.0,75.0,23.3,5.0,5.29
Honda,2011,CNG,Manual,First,56391.0,1000.0,66.3,19.9,5.0,1.17
Tata,2006,Petrol,Automatic,First,107068.0,800.0,62.3,26.1,5.0,0.77
BMW,2023,Diesel,Automatic,First,29062.0,1500.0,105.2,19.0,4.0,17.01
Maruti,2014,Petrol,Automatic,First,158514.0,2000.0,143.2,10.6,5.0,2.46
Toyota,2005,Diesel,Automatic,First,233784.0,1200.0,91.1,23.5,5.0,1.4
Honda,2022,Petrol,Manual,First,35493.0,2500.0,195.7,12.4,5.0,6.12
Toyota,2019,Diesel,Manual,Third+,107246.0,1800.0,146.5,16.0,5.0,3.9
Honda,2006,Diesel,Manual,First,226196.0,800.0,53.0,21.9,5.0,0.72
Hyundai,2010,Diesel,Automatic,Second,204333.0,1200.0,85.3,21.3,7.0,1.19
Honda,2005,Diesel,Manual,First,516035.0,800.0,62.4,21.4,7.0,0.44
Toyota,2025,Petrol,Manual,First,13874.0,2000.0,155.2,14.5,5.0,7.55
Honda,2005,Petrol,Automatic,First,169537.0,1800.0,120.3,15.8,5.0,1.2
Honda,2021,Petrol,Manual,First,59763.0,1800.0,133.9,16.2,4.0,4.93
Tata,2015,Electric,Automatic,First,154979.0,1800.0,130.4,15.8,5.0,3.34
Tata,2017,CNG,Manual,First,108305.0,1200.0,77.3,22.0,5.0,2.15
Hyundai,2022,Petrol,Automatic,Third+,56329.0,2500.0,177.2,12.9,5.0,4.06
Tata,2023,Petrol,Automatic,First,61272.0,2500.0,181.8,13.1,5.0,6.92
BMW,2007,Petrol,Manual,Third+,320439.0,1800.0,133.7,17.8,7.0,2.03
Maruti,2005,Diesel,Manual,First,212638.0,1200.0,94.9,20.3,5.0,0.66
Toyota,2007,Petrol,Manual,First,157846.0,800.0,61.4,21.2,5.0,0.84
Hyundai,2019,Petrol,Manual,First,93240.0,800.0,64.9,26.2,7.0,1.82
Mahindra,2016,Petrol,Manual,First,87004.0,1000.0,74.2,23.4,5.0,2.42
Maruti,2006,Petrol,Manual,First,294369.0,1500.0,106.9,21.5,5.0,0.71
Mahindra,2009,Petrol,Manual,First,223058.0,1800.0,132.2,18.6,7.0,1.43
Hyundai,2016,Petrol,Manual,First,226493.0,2500.0,189.4,11.5,5.0,2.37
Honda,2020,Diesel,Manual,Second,108895.0,1000.0,80.3,17.5,5.0,2.36
Audi,2012,Diesel,Automatic,First,85854.0,1200.0,88.0,18.3,5.0,5.3
Hyundai,2024,Petrol,Manual,Third+,26834.0,800.0,53.7,24.1,5.0,2.53
BMW,2025,Diesel,Manual,First,4624.0,3000.0,224.2,9.1,5.0,24.44
Mercedes,2021,Petrol,Manual,First,5331.0,1800.0,136.2,16.0,7.0,15.72
BMW,2014,Diesel,Manual,First,138836.0,1500.0,118.5,14.1,5.0,4.74
Maruti,2023,CNG,Automatic,First,16400.0,1500.0,107.0,18.6,7.0,4.01
Tata,2020,,Manual,Second,104540.0,1500.0,107.1,16.7,5.0,2.86
Maruti,2015,CNG,Automatic,Second,187941.0,1200.0,,19.2,7.0,1.38
Hyundai,2014,Diesel,Manual,First,125333.0,1000.0,71.6,23.3,5.0,1.57
BMW,2022,Diesel,Automatic,First,37209.0,1200.0,86.2,18.6,5.0,14.06
Mahindra,2016,Petrol,Automatic,Second,180341.0,1200.0,96.4,18.8,7.0,2.37
Honda,2008,Petrol,Automatic,First,347140.0,1500.0,102.9,19.0,7.0,0.97
Hyundai,2025,Petrol,Manual,First,12988.0,1200.0,101.2,22.1,5.0,4.67
Tata,2006,Electric,Manual,First,122957.0,1800.0,129.7,16.0,5.0,1.51
Mahindra,2019,Diesel,Automatic,First,67076.0,1500.0,116.3,21.3,5.0,5.2
Honda,2018,Petrol,Manual,First,94935.0,1500.0,110.5,16.3,4.0,3.29
BMW,2017,Diesel,Manual,First,82070.0,2500.0,186.8,9.8,5.0,9.99
Maruti,2006,Petrol,Manual,Second,266914.0,1200.0,87.3,17.7,5.0,0.55
Maruti,2015,Petrol,Manual,First,223788.0,1500.0,116.3,15.7,5.0,1.71
Mahindra,2023,Diesel,Manual,Second,17524.0,800.0,57.2,23.6,5.0,4.11
Mercedes,2010,Diesel,Manual,Second,145673.0,1800.0,129.9,15.0,7.0,4.13
Hyundai,2019,Diesel,Manual,First,368173.0,1500.0,122.0,16.1,5.0,3.59
Hyundai,2023,Diesel,Manual,First,23305.0,1000.0,74.3,22.4,7.0,3.92
Maruti,2024,Diesel,Manual,First,16190.0,800.0,55.2,,5.0,3.32
BMW,2015,Diesel,Automatic,Second,87629.0,1800.0,124.4,18.6,5.0,7.45
Maruti,2011,Petrol,Manual,First,196279.0,1500.0,122.3,20.2,5.0,1.21
Honda,2019,Diesel,Automatic,Third+,1349584.0,1500.0,107.8,17.0,5.0,3.18
Mercedes,2015,Diesel,Manual,First,142417.0,1200.0,101.3,21.0,5.0,5.78
Maruti,2018,Petrol,Manual,First,78845.0,1500.0,113.5,19.5,7.0,2.46
Toyota,2020,Petrol,Automatic,First,61848.0,1500.0,112.0,17.8,5.0,6.46
Honda,2019,Petrol,Automatic,First,70518.0,1200.0,89.9,20.8,5.0,3.97
Tata,2010,Petrol,Automatic,Second,166948.0,1500.0,124.4,16.4,5.0,1.38
Hyundai,2020,Diesel,Automatic,Second,76777.0,1500.0,98.0,17.5,5.0,4.23
Hyundai,2016,Petrol,Automatic,First,26048.0,2000.0,,16.2,5.0,3.34
Maruti,2024,Diesel,Automatic,First,32148.0,1200.0,87.3,23.2,5.0,6.03
Tata,2018,Petrol,Automatic,First,60072.0,1200.0,87.6,22.6,5.0,3.05
Tata,2023,Petrol,Automatic,First,18414.0,3000.0,,10.4,5.0,8.06
Maruti,2025,Petrol,Manual,First,500.0,2000.0,146.6,15.6,5.0,5.33
Hyundai,2025,Petrol,Manual,First,13141.0,1200.0,90.0,20.4,5.0,4.76
BMW,2020,Electric,Manual,Second,71502.0,2000.0,148.0,12.9,7.0,11.73
Maruti,2017,Petrol,Manual,First,124714.0,1000.0,66.2,20.2,5.0,1.68
Hyundai,2007,Petrol,Automatic,First,116858.0,2000.0,150.4,14.1,5.0,1.35
Toyota,2013,Petrol,Manual,Second,163966.0,1000.0,78.4,22.8,7.0,1.46
Hyundai,2014,Petrol,Manual,Second,188385.0,1200.0,85.6,22.2,5.0,1.14
Hyundai,2021,Diesel,Automatic,Second,42086.0,3000.0,233.4,10.6,4.0,6.96
Honda,2017,Diesel,Manual,First,96942.0,1000.0,82.1,23.9,5.0,2.73
Maruti,2014,Petrol,Automatic,First,27979.0,2000.0,153.2,15.6,5.0,3.16
Honda,2008,Diesel,Manual,Second,120164.0,1500.0,116.1,16.9,5.0,1.5
Mahindra,2020,Petrol,Manual,First,77016.0,1000.0,74.3,21.7,5.0,3.37
Toyota,2014,Diesel,Manual,First,190534.0,2500.0,192.0,11.1,5.0,3.71
Maruti,2005,Diesel,Manual,First,178464.0,1500.0,120.5,19.8,7.0,0.82
BMW,2010,Petrol,Manual,First,370378.0,2000.0,153.0,14.9,,2.84
Maruti,2023,Diesel,Manual,Third+,36426.0,2000.0,144.7,15.3,5.0,3.98
Tata,2007,Diesel,Manual,First,109373.0,800.0,59.0,24.2,7.0,0.88
Hyundai,2013,Petrol,Manual,First,217074.0,1200.0,92.3,19.2,5.0,1.96
Tata,2015,Electric,Automatic,Third+,63721.0,1200.0,93.9,22.2,5.0,2.86
Maruti,2006,Diesel,Manual,Third+,248765.0,1500.0,110.6,16.2,5.0,0.61
Maruti,2008,Petrol,Manual,First,113523.0,800.0,55.9,23.6,5.0,0.76
Honda,2024,Diesel,Manual,Second,8435.0,1200.0,98.4,20.3,5.0,5.44
Maruti,2017,Diesel,Automatic,First,137186.0,2000.0,141.7,17.0,5.0,3.24
Maruti,2009,Diesel,Automatic,Second,166410.0,1000.0,68.4,19.3,7.0,1.03
Mahindra,2008,Diesel,Automatic,First,334478.0,1800.0,125.4,14.0,5.0,1.45
Tata,2013,Diesel,Automatic,First,86580.0,1200.0,83.2,21.9,7.0,1.9
Maruti,2020,Diesel,Manual,First,27575.0,,66.7,22.3,5.0,2.68
BMW,2020,Diesel,Automatic,Second,51520.0,1000.0,81.8,21.6,5.0,9.56
Tata,2009,Petrol,Manual,First,406553.0,1000.0,,20.6,5.0,0.62
BMW,2020,Petrol,Automatic,First,83262.0,1500.0,114.1,20.3,5.0,11.2
Mahindra,2023,CNG,Manual,Second,41749.0,1000.0,74.0,22.3,5.0,4.16
Mahindra,2009,Diesel,Manual,First,238790.0,2000.0,141.0,15.9,5.0,1.66
Honda,2005,Petrol,Automatic,Second,192075.0,,161.5,13.4,5.0,1.04
Mahindra,2025,CNG,Automatic,First,20286.0,1000.0,82.3,22.7,5.0,5.78
Audi,2015,Diesel,Automatic,First,153631.0,2000.0,150.3,13.7,5.0,7.85
Maruti,2021,Diesel,Manual,First,61386.0,2500.0,180.0,11.2,5.0,5.76
Hyundai,2011,Petrol,Manual,First,226399.0,800.0,57.9,20.5,5.0,0.85
Maruti,2011,Diesel,Manual,First,72247.0,2500.0,181.0,12.1,7.0,2.15
Audi,2009,Petrol,Manual,First,114349.0,1200.0,89.5,22.4,5.0,2.84
Honda,2009,Petrol,Manual,First,169887.0,1500.0,113.0,19.0,5.0,1.25
Mahindra,2014,Diesel,Manual,First,184244.0,1000.0,72.0,21.0,5.0,1.73
BMW,2007,CNG,Automatic,First,94856.0,2000.0,139.4,15.7,5.0,3.97
Mercedes,2022,Petrol,Manual,Second,38551.0,2000.0,160.9,15.7,7.0,12.25
Maruti,2015,Diesel,Automatic,First,105231.0,3000.0,223.6,9.4,7.0,4.11
Tata,2024,CNG,Automatic,First,3381.0,,225.0,9.6,,8.47
BMW,2015,Petrol,Manual,Second,100885.0,800.0,56.7,21.1,7.0,3.63
Maruti,2011,Petrol,Manual,First,210619.0,1500.0,101.7,18.8,,1.11
Tata,2015,Diesel,Manual,First,56904.0,1200.0,88.4,17.3,7.0,2.3
Hyundai,2008,Diesel,Manual,Third+,315754.0,1000.0,,22.8,7.0,0.65
Mahindra,2022,Petrol,Automatic,First,49963.0,1000.0,78.3,19.8,5.0,4.36
Honda,2020,Diesel,Manual,Third+,72003.0,2500.0,190.6,14.5,7.0,4.46
Hyundai,2008,Diesel,Manual,First,202444.0,1800.0,137.9,12.3,5.0,1.04
Maruti,2017,Diesel,Automatic,First,53529.0,800.0,65.2,26.0,5.0,2.53
Maruti,2016,Diesel,Automatic,First,82823.0,3000.0,,6.3,5.0,4.03
Maruti,2009,Petrol,Automatic,First,224334.0,2000.0,150.5,13.3,5.0,1.11
Toyota,2007,Petrol,Manual,Third+,154368.0,1200.0,95.5,21.0,5.0,0.78
Hyundai,2020,Petrol,Automatic,First,82485.0,1200.0,91.9,21.6,5.0,3.72
Maruti,2010,CNG,Manual,Third+,105646.0,1800.0,121.9,16.2,5.0,0.83
Mahindra,2015,,Manual,Second,145583.0,1500.0,110.2,20.2,5.0,2.1
Mahindra,2010,Diesel,Automatic,Second,215446.0,1200.0,83.7,19.1,5.0,1.41
Honda,2018,Petrol,Automatic,Third+,24483.0,1500.0,112.5,17.9,5.0,3.07
Audi,2006,Diesel,Manual,First,230066.0,800.0,54.5,22.5,5.0,1.6
Hyundai,2012,Petrol,Manual,Third+,65789.0,1500.0,114.7,17.7,5.0,1.18
Tata,2016,Petrol,Manual,Second,37267.0,1200.0,94.8,17.0,5.0,1.86
Maruti,2014,Petrol,Automatic,First,101986.0,1200.0,96.1,20.5,4.0,1.91
Mahindra,2017,Diesel,Automatic,Second,202775.0,1200.0,98.6,20.3,5.0,2.65
Mercedes,2008,Petrol,Manual,First,263191.0,1500.0,101.1,20.6,5.0,2.81
BMW,2014,Diesel,Manual,First,210883.0,1200.0,81.7,18.2,5.0,4.39
Toyota,2020,Electric,Automatic,First,81251.0,1200.0,106.5,19.3,5.0,7.16
Toyota,2012,Diesel,Automatic,First,168019.0,1000.0,80.1,23.9,,2.17
Hyundai,2008,Petrol,Manual,First,268110.0,2500.0,186.5,12.9,5.0,1.12
Mahindra,2022,CNG,Manual,First,31819.0,1000.0,74.3,22.7,7.0,3.64
Tata,2021,Diesel,Automatic,Second,70674.0,1200.0,88.5,21.3,5.0,4.13
Mercedes,2019,Petrol,Manual,Second,121024.0,1000.0,62.5,,5.0,5.54
Honda,2021,Diesel,Manual,Second,64383.0,1800.0,128.7,20.0,5.0,4.85
Maruti,2021,Diesel,Manual,Third+,80406.0,1200.0,,20.7,5.0,2.44
Toyota,2020,Petrol,Manual,Second,62988.0,1200.0,84.6,18.7,4.0,3.4
Maruti,2015,Diesel,Automatic,First,213950.0,2000.0,144.6,16.6,5.0,2.55
Hyundai,2005,Petrol,Manual,First,215676.0,1800.0,148.7,15.7,5.0,0.95
Hyundai,2017,Petrol,Manual,Third+,174762.0,1500.0,109.6,18.4,5.0,1.79
Mahindra,2010,Diesel,Manual,First,216977.0,1200.0,,21.2,5.0,1.43
Maruti,2021,Petrol,Automatic,First,44944.0,2500.0,186.6,10.9,5.0,6.28
Maruti,2014,Petrol,Manual,First,64547.0,2500.0,188.7,11.5,7.0,2.05
Maruti,2024,Petrol,Manual,First,19909.0,1800.0,130.5,17.6,5.0,4.53
BMW,2017,Petrol,Manual,Second,65213.0,1800.0,140.8,15.8,5.0,6.81
Mahindra,2016,Petrol,Manual,First,107355.0,2000.0,150.8,17.3,5.0,3.8
Maruti,2024,Diesel,Automatic,Second,7326.0,2500.0,177.5,10.6,5.0,7.9
Maruti,2014,Petrol,Automatic,First,198643.0,1000.0,73.4,20.0,4.0,1.18
Toyota,2012,Petrol,Automatic,First,161195.0,3000.0,221.2,12.7,5.0,3.3
Hyundai,2012,Diesel,Manual,First,156134.0,1800.0,132.0,14.0,5.0,1.61
Toyota,2023,Electric,Manual,First,17238.0,1500.0,114.2,18.6,4.0,9.15
Hyundai,2020,Petrol,Automatic,Second,48026.0,1200.0,92.7,23.8,5.0,3.49
Audi,2008,Petrol,Manual,First,10483.0,1200.0,92.0,20.4,7.0,3.49
Hyundai,2015,Petrol,Automatic,First,197290.0,2000.0,150.2,17.9,,2.56
Mahindra,2012,Petrol,Manual,First,64515.0,1500.0,111.6,19.8,5.0,2.05
Maruti,2018,Petrol,Manual,Second,47518.0,1000.0,61.2,21.7,7.0,1.84
Mercedes,2006,CNG,Manual,Third+,351412.0,1500.0,115.8,18.4,5.0,1.53
Mercedes,2019,Diesel,Manual,Second,89190.0,1000.0,77.0,17.9,,8.94
Mahindra,2020,Petrol,Manual,First,71271.0,1500.0,105.2,18.1,5.0,3.72
Honda,2009,Electric,Manual,Second,212523.0,1500.0,112.8,19.0,7.0,1.82
Maruti,2008,Petrol,Manual,First,280652.0,1500.0,115.0,,4.0,0.81
Tata,2018,Petrol,Manual,First,93764.0,1000.0,81.1,26.2,5.0,2.37
Mahindra,2010,Petrol,Automatic,First,71259.0,1000.0,,22.3,7.0,1.72
Maruti,2024,Petrol,Manual,First,21822.0,1200.0,90.8,21.6,5.0,4.65
Honda,2021,CNG,Automatic,First,60472.0,1500.0,116.8,,5.0,4.94
Honda,2025,Petrol,Manual,First,17645.0,2500.0,183.3,13.3,5.0,7.93
Tata,2016,Diesel,Manual,First,56258.0,1800.0,,16.6,7.0,3.16
Mahindra,2024,Petrol,Manual,First,27438.0,1800.0,129.6,16.6,5.0,7.78
Mahindra,2005,CNG,Automatic,First,259014.0,1200.0,95.6,19.9,5.0,0.87
Mahindra,2011,Diesel,Manual,First,101080.0,1000.0,64.4,22.5,5.0,1.35
Hyundai,2005,Petrol,Automatic,Second,8267.0,2000.0,153.0,15.2,7.0,1.24
Hyundai,2019,Petrol,Manual,Second,84405.0,1500.0,111.2,19.7,5.0,2.68
Maruti,2015,CNG,Automatic,First,173969.0,1000.0,79.9,19.9,5.0,1.5
Tata,2011,Diesel,Automatic,First,160678.0,1500.0,106.4,18.9,5.0,1.71
Hyundai,2011,Petrol,Automatic,First,193979.0,1500.0,111.7,21.4,5.0,1.74
Hyundai,2018,Diesel,Manual,First,110190.0,1200.0,89.3,,5.0,2.08
Hyundai,2008,Petrol,Automatic,First,206379.0,800.0,61.9,26.3,5.0,0.83
Maruti,2015,Petrol,Manual,First,129046.0,1500.0,104.8,18.9,4.0,1.82
Toyota,2017,Diesel,Automatic,Second,145551.0,800.0,63.1,22.9,5.0,3.17
Maruti,2010,Petrol,Manual,Second,105816.0,,,20.7,4.0,0.95
Maruti,2009,Petrol,Manual,Second,248482.0,2000.0,144.1,14.9,4.0,0.97
Tata,2012,Petrol,Manual,First,84587.0,3000.0,212.8,5.7,5.0,2.46
Hyundai,2017,Petrol,Automatic,Second,57959.0,1200.0,93.9,22.1,5.0,2.45
Hyundai,2010,Petrol,Manual,Second,258261.0,800.0,,,4.0,0.8
Hyundai,2012,Petrol,Manual,Second,83271.0,1500.0,113.8,19.5,5.0,1.31
Tata,2016,CNG,Manual,Second,106637.0,1200.0,97.7,21.5,5.0,1.56
Hyundai,2008,Diesel,Automatic,Second,391422.0,2000.0,146.3,15.2,5.0,1.08
Tata,2016,Petrol,Manual,Second,161892.0,1800.0,137.0,18.8,5.0,2.07
Audi,2007,Petrol,Automatic,First,148248.0,1200.0,89.3,20.4,7.0,2.7
Mahindra,2007,Diesel,Manual,First,165437.0,1800.0,132.8,17.2,5.0,1.47
Hyundai,2009,Petrol,Automatic,First,174712.0,,96.7,17.7,4.0,1.28
Tata,2011,Petrol,Automatic,First,255956.0,1500.0,123.6,,4.0,1.45
Honda,2005,Diesel,Automatic,First,130235.0,2500.0,182.6,13.0,5.0,1.6
Hyundai,2025,Petrol,Automatic,First,9831.0,1000.0,79.1,23.4,7.0,5.44
Honda,2011,Diesel,Manual,First,206890.0,1200.0,90.8,22.2,5.0,1.43
Hyundai,2021,CNG,Manual,First,20779.0,2000.0,150.1,,5.0,4.59
Maruti,2023,Diesel,Automatic,Third+,18506.0,1200.0,90.4,17.8,7.0,3.63
Hyundai,2021,Petrol,Manual,First,54935.0,1200.0,86.9,,7.0,2.93
Maruti,2022,Petrol,Manual,First,38627.0,800.0,37.7,21.7,5.0,2.84
Hyundai,2007,Petrol,Automatic,First,89807.0,1200.0,98.1,22.1,7.0,1.19
Toyota,2012,Diesel,Manual,First,178125.0,1500.0,,15.7,5.0,2.51
Audi,2020,CNG,Manual,Second,84723.0,1200.0,87.4,20.3,5.0,5.74
Maruti,2017,CNG,Automatic,First,77638.0,1200.0,87.6,20.4,5.0,2.28
Toyota,2005,Petrol,Manual,First,382191.0,1200.0,84.2,21.4,,0.68
Honda,2016,Diesel,Manual,First,117777.0,1500.0,112.6,16.8,5.0,2.74
Maruti,2021,Diesel,Manual,First,27514.0,2000.0,,12.0,5.0,3.94
Hyundai,2022,Diesel,Manual,Second,67846.0,1500.0,106.8,18.9,7.0,3.53
Maruti,2013,Diesel,Automatic,Third+,120220.0,1500.0,112.0,19.6,5.0,1.59
Maruti,2009,Petrol,Automatic,Second,207385.0,2000.0,147.9,17.3,5.0,1.11
Hyundai,2011,Petrol,Manual,First,127159.0,1000.0,79.6,21.1,5.0,1.05
Hyundai,2011,CNG,Manual,Second,215682.0,1200.0,80.8,21.9,5.0,1.06
Honda,2012,Petrol,Manual,Second,130066.0,800.0,54.4,23.9,5.0,1.41
Maruti,2011,Petrol,Manual,Second,128444.0,1200.0,93.2,22.9,7.0,0.99
Maruti,2014,Petrol,Automatic,First,118210.0,3000.0,218.4,9.2,7.0,2.5
Maruti,2005,Petrol,Manual,First,175269.0,1200.0,83.5,17.4,5.0,0.66
Toyota,2010,CNG,Manual,First,252738.0,2000.0,144.6,15.4,,1.32
Hyundai,2011,Petrol,Automatic,First,80186.0,1000.0,73.5,21.9,5.0,1.27
Toyota,2008,Petrol,Automatic,Second,195069.0,1200.0,88.3,21.4,5.0,1.29
Maruti,2023,Diesel,Manual,First,24074.0,1200.0,87.6,17.7,5.0,3.6
Maruti,2019,Diesel,Manual,First,65938.0,1000.0,67.9,21.2,5.0,2.43
Audi,2024,Petrol,Manual,Second,32015.0,1200.0,,22.1,4.0,9.05
Maruti,2016,Petrol,Manual,First,45433.0,1500.0,119.1,18.4,5.0,2.24
Maruti,2007,Petrol,Manual,Third+,247458.0,1500.0,99.6,18.1,7.0,0.65
Maruti,2023,Petrol,Automatic,Second,9787.0,2000.0,138.8,18.9,5.0,4.89
Mercedes,2014,Petrol,Automatic,Second,109638.0,2000.0,154.2,13.6,5.0,6.9
Toyota,2019,Petrol,Manual,Second,28426.0,1500.0,120.5,20.8,5.0,3.59
Toyota,2013,,Manual,First,123499.0,3000.0,209.4,11.1,5.0,3.5
Mercedes,2015,Diesel,Manual,First,85781.0,800.0,64.2,22.6,5.0,4.68
Maruti,2015,CNG,Manual,Second,206252.0,1200.0,98.7,20.4,4.0,1.28
Mercedes,2010,Petrol,Manual,First,183293.0,1200.0,83.7,20.4,5.0,2.77
Maruti,2016,Petrol,Manual,First,128268.0,1500.0,120.6,19.0,5.0,1.9
Toyota,2020,Electric,Automatic,First,40799.0,1500.0,110.0,17.6,5.0,8.44
Hyundai,2005,Diesel,Automatic,First,303987.0,1500.0,113.0,17.9,5.0,0.95
Hyundai,2007,Diesel,Automatic,First,346748.0,2000.0,143.8,14.9,5.0,1.17
Audi,2022,Petrol,Manual,First,56165.0,1200.0,94.9,19.9,5.0,9.62
Maruti,2016,Petrol,Manual,First,49795.0,2000.0,153.2,14.9,7.0,2.45
Mercedes,2025,Diesel,Manual,Second,2465.0,1500.0,121.5,14.6,5.0,18.45
Hyundai,2017,Diesel,Manual,First,102894.0,1500.0,119.8,18.8,5.0,2.54
Mahindra,2018,Petrol,Manual,First,66808.0,1200.0,88.8,19.6,5.0,2.89
Mercedes,2023,CNG,Automatic,First,65106.0,1200.0,107.5,,5.0,14.85
Maruti,2018,Diesel,Automatic,First,75640.0,1200.0,97.0,19.9,5.0,3.06
Audi,2011,Diesel,Manual,First,156721.0,1800.0,136.6,16.1,5.0,4.75
Toyota,2016,Petrol,Manual,First,74468.0,1200.0,82.9,22.8,5.0,3.0
Mahindra,2009,Diesel,Manual,Second,202097.0,1000.0,64.9,20.8,5.0,1.05
Maruti,2012,Diesel,Manual,First,241708.0,1800.0,124.7,18.0,5.0,1.26
Honda,2019,Petrol,Manual,Second,80084.0,1500.0,105.5,21.1,5.0,3.15
Mahindra,2008,Diesel,Manual,First,179504.0,2500.0,,11.2,4.0,1.89
Honda,2019,Diesel,Manual,First,37540.0,1500.0,114.0,18.5,5.0,3.83
Maruti,2017,Diesel,Automatic,First,143045.0,1500.0,107.4,21.7,5.0,2.48
Hyundai,2011,Petrol,Manual,Second,152859.0,1200.0,88.1,20.9,5.0,1.06
BMW,2005,Diesel,Manual,First,210521.0,1800.0,131.8,17.4,5.0,2.28
Maruti,2019,Petrol,Manual,First,8814.0,1200.0,93.7,19.8,5.0,2.66
Mahindra,2022,Petrol,Automatic,First,43030.0,1000.0,68.8,23.0,5.0,4.76
Mercedes,2020,Petrol,Manual,First,52507.0,3000.0,224.3,9.2,5.0,14.95
Maruti,2013,Petrol,Manual,Second,41654.0,1800.0,135.1,13.5,5.0,1.76
Maruti,2018,Petrol,Manual,Third+,125857.0,1500.0,106.0,18.0,5.0,1.89
Mahindra,2013,Petrol,Manual,First,104901.0,1500.0,120.6,16.5,5.0,2.04
Maruti,2012,Diesel,Manual,First,257212.0,1800.0,131.6,17.0,5.0,1.55
Toyota,2011,Petrol,Manual,First,253844.0,1000.0,68.1,20.1,5.0,1.24
Mahindra,2009,Electric,Manual,Third+,134902.0,1200.0,94.0,21.4,5.0,1.73
Toyota,2025,Petrol,Automatic,First,21619.0,1000.0,74.4,21.8,5.0,6.64
Hyundai,2018,Diesel,Manual,First,137678.0,1000.0,76.5,19.5,5.0,1.94
Mahindra,2008,CNG,Manual,Third+,156011.0,800.0,52.2,22.1,4.0,0.74
Toyota,2023,Diesel,Manual,Third+,22163.0,1800.0,138.2,17.9,5.0,6.17
Maruti,2008,Diesel,Manual,First,30391.0,1000.0,87.1,,5.0,1.17
Toyota,2017,Diesel,Manual,First,119160.0,2000.0,140.6,13.9,5.0,4.4
BMW,2008,Petrol,Manual,Second,125920.0,2000.0,150.3,13.5,5.0,4.05
Mahindra,2012,Petrol,Manual,Second,182303.0,1000.0,,25.3,5.0,1.23
Honda,2018,Petrol,Automatic,First,69832.0,1800.0,149.5,16.7,5.0,4.71
Hyundai,2025,Petrol,Manual,First,5805.0,1200.0,96.3,20.7,7.0,4.75
Maruti,2025,Petrol,Automatic,First,12575.0,2000.0,149.8,14.2,5.0,7.32
Hyundai,2023,Petrol,Automatic,First,8790.0,1500.0,103.7,19.0,5.0,6.0
Maruti,2009,CNG,Manual,First,143317.0,1200.0,83.0,23.6,5.0,0.97
Mercedes,2006,CNG,Manual,Second,156404.0,1200.0,93.4,21.0,5.0,2.14
Maruti,2024,,Manual,First,28914.0,,140.0,17.4,7.0,4.29
Tata,2024,Diesel,Automatic,First,20549.0,1000.0,66.1,21.8,7.0,5.34
Maruti,2010,Petrol,Manual,Second,103708.0,2000.0,148.2,13.7,5.0,1.19
Hyundai,2005,Petrol,Manual,First,334040.0,1000.0,74.9,20.5,5.0,0.48
Hyundai,2018,Diesel,Manual,First,87191.0,1500.0,113.4,16.6,5.0,3.0
Hyundai,2006,Diesel,Automatic,Third+,351213.0,1200.0,86.3,20.9,5.0,0.65
Tata,2005,Petrol,Manual,First,257412.0,1000.0,79.6,24.0,5.0,0.57
Mercedes,2024,Petrol,Manual,Second,22145.0,1000.0,68.9,22.0,7.0,10.18
BMW,2015,Petrol,Manual,First,90771.0,1200.0,92.6,19.9,4.0,4.54
Maruti,2007,Petrol,Manual,First,260802.0,1800.0,134.6,15.3,7.0,0.96
Tata,2018,Petrol,Automatic,First,95817.0,1800.0,136.9,17.4,5.0,3.32
Maruti,2012,Petrol,Automatic,First,202987.0,1000.0,81.2,19.5,5.0,1.16
Audi,2016,Diesel,Manual,First,174788.0,1200.0,86.2,18.5,7.0,6.73
Honda,2023,CNG,Manual,First,25181.0,1000.0,70.1,23.4,5.0,3.81
Hyundai,2009,Diesel,Automatic,First,225541.0,1800.0,123.2,16.3,5.0,1.47
Maruti,2018,Diesel,Manual,First,116881.0,1800.0,121.2,16.2,,3.0
Maruti,2022,Diesel,Manual,Second,59937.0,,147.1,,5.0,3.57
Hyundai,2013,Petrol,Manual,First,122849.0,2000.0,147.5,16.8,5.0,1.68
Audi,2025,Diesel,Manual,First,9085.0,1200.0,82.4,,5.0,14.36
Tata,2014,Petrol,Automatic,First,108794.0,1200.0,83.7,19.2,7.0,1.89
Mercedes,2014,Diesel,Automatic,First,106127.0,2000.0,157.3,14.2,5.0,8.96
Maruti,2023,Petrol,Manual,First,18995.0,1000.0,79.3,21.4,7.0,3.06
Toyota,2018,CNG,Automatic,First,91432.0,800.0,51.7,23.5,7.0,3.06
Hyundai,2023,CNG,Manual,Second,18211.0,1200.0,86.2,,4.0,2.79
Toyota,2021,Petrol,Automatic,First,63817.0,1800.0,135.8,16.5,5.0,6.44
Hyundai,2019,Petrol,Manual,First,69827.0,1800.0,129.6,16.8,5.0,3.53
Hyundai,2010,Petrol,Manual,Second,188906.0,3000.0,217.4,9.2,5.0,1.59
Toyota,2013,Diesel,Manual,First,125528.0,1200.0,86.9,19.1,5.0,2.23
Maruti,2023,Diesel,Manual,First,31669.0,1200.0,95.4,22.5,5.0,3.83
Honda,2017,Petrol,Manual,Second,88155.0,1200.0,,19.6,7.0,2.22
Mahindra,2010,Diesel,Manual,Second,229229.0,1800.0,128.9,17.0,7.0,1.73
Maruti,2011,Petrol,Automatic,First,135347.0,1000.0,76.8,18.0,5.0,1.13
Audi,2021,Petrol,Automatic,First,69867.0,2500.0,185.1,12.0,5.0,16.99
Honda,2008,,Manual,First,86875.0,1500.0,105.1,16.6,5.0,1.52
Tata,2007,Diesel,Manual,First,274195.0,1800.0,131.6,15.0,7.0,0.84
Mahindra,2021,Petrol,Manual,First,43493.0,2000.0,140.6,19.9,5.0,5.5
Mahindra,2011,Petrol,Manual,First,105292.0,1200.0,95.9,20.9,7.0,1.48
Mahindra,2021,Petrol,Manual,Second,29223.0,1800.0,142.6,19.0,7.0,4.07
BMW,2016,CNG,Automatic,Third+,51607.0,1200.0,86.4,22.0,5.0,5.61
Toyota,2025,Diesel,Automatic,First,11058.0,2000.0,144.3,17.3,7.0,12.3
Hyundai,2016,CNG,Manual,First,180032.0,2000.0,154.5,15.1,5.0,2.3
Maruti,2023,Diesel,Automatic,First,20313.0,1500.0,,21.5,5.0,4.98
Toyota,2022,Diesel,Manual,First,500.0,1000.0,67.4,23.3,4.0,5.46
Maruti,2009,Petrol,Manual,First,215385.0,3000.0,221.3,,5.0,1.22
Hyundai,2025,Diesel,Manual,Second,9759.0,2500.0,184.8,12.8,5.0,7.4
Maruti,2020,Petrol,Manual,First,93025.0,1500.0,106.5,18.4,5.0,2.73
Toyota,2007,Petrol,Manual,First,179015.0,3000.0,224.5,9.3,5.0,2.06
Maruti,2005,Petrol,Automatic,First,206963.0,1500.0,106.9,18.5,4.0,0.78
Toyota,2010,Petrol,Manual,Third+,260890.0,1200.0,85.6,21.2,5.0,0.99
Tata,2005,CNG,Manual,First,289365.0,1200.0,,23.6,5.0,0.58
Tata,2012,Electric,Manual,Second,69262.0,800.0,50.3,20.8,4.0,1.52
Hyundai,2025,Diesel,Automatic,Second,2640.0,1500.0,98.8,20.7,5.0,6.69
Toyota,2015,Petrol,Manual,First,32449.0,1500.0,116.6,18.0,5.0,3.23
Toyota,2005,CNG,Automatic,First,475671.0,1000.0,69.6,24.0,7.0,0.56
Honda,2015,Diesel,Automatic,First,78756.0,1200.0,101.7,19.9,5.0,3.03
Mahindra,2009,Petrol,Manual,First,269617.0,1800.0,145.2,17.5,,1.46
Maruti,2022,Diesel,Automatic,First,28662.0,1800.0,130.3,16.5,5.0,5.79
Mercedes,2006,Diesel,Automatic,First,126691.0,3000.0,236.3,6.1,7.0,5.24
Maruti,2021,Petrol,Automatic,Second,51318.0,1200.0,94.5,23.6,5.0,3.16
